"subnum","age","01_win_full_arsl","01_win_full_vln","01_win_low_arsl","01_win_low_vln","01_win_med_arsl","01_win_med_vln","att_1","att_2","01_lose_full_arsl","01_lose_full_vln","01_lose_low_arsl","01_lose_low_vln","01_lose_med_arsl","01_lose_med_vln","att_3","att_4","04_a_full_arsl","04_a_full_vln","04_a_low_arsl","04_a_low_vln","04_a_med_arsl","04_a_med_vln","04_h_full_arsl","04_h_full_vln","04_h_low_arsl","04_h_low_vln","04_h_med_arsl","04_h_med_vln","04_s_full_arsl","04_s_full_vln","04_s_low_arsl","04_s_low_vln","04_s_med_arsl","04_s_med_vln","116_a_full_arsl","116_a_full_vln","116_a_low_arsl","116_a_low_vln","116_a_med_arsl","116_a_med_vln","116_h_full_arsl","116_h_full_vln","116_h_low_arsl","116_h_low_vln","116_h_med_arsl","116_h_med_vln","116_s_full_arsl","116_s_full_vln","116_s_low_arsl","116_s_low_vln","116_s_med_arsl","116_s_med_vln","133_a_full_arsl","133_a_full_vln","133_a_low_arsl","133_a_low_vln","133_a_med_arsl","133_a_med_vln","133_h_full_arsl","133_h_full_vln","133_h_low_arsl","133_h_low_vln","133_h_med_arsl","133_h_med_vln","133_s_full_arsl","133_s_full_vln","133_s_low_arsl","133_s_low_vln","133_s_med_arsl","133_s_med_vln","49_a_full_arsl","49_a_full_vln","49_a_low_arsl","49_a_low_vln","49_a_med_arsl","49_a_med_vln","49_h_full_arsl","49_h_full_vln","49_h_low_arsl","49_h_low_vln","49_h_med_arsl","49_h_med_vln","49_s_full_arsl","49_s_full_vln","49_s_low_arsl","49_s_low_vln","49_s_med_arsl","49_s_med_vln","69_a_full_arsl","69_a_full_vln","69_a_low_arsl","69_a_low_vln","69_a_med_arsl","69_a_med_vln","69_h_full_arsl","69_h_full_vln","69_h_low_arsl","69_h_low_vln","69_h_med_arsl","69_h_med_vln","69_s_full_arsl","69_s_full_vln","69_s_low_arsl","69_s_low_vln","69_s_med_arsl","69_s_med_vln","113_a_full_arsl","113_a_full_vln","113_a_low_arsl","113_a_low_vln","113_a_med_arsl","113_a_med_vln","113_h_full_arsl","113_h_full_vln","113_h_low_arsl","113_h_low_vln","113_h_med_arsl","113_h_med_vln","113_s_full_arsl","113_s_full_vln","113_s_low_arsl","113_s_low_vln","113_s_med_arsl","113_s_med_vln"
1,"68",1,4,1,4,1,4,4,7,1,4,1,4,4,4,2,6,5,2,4,3,4,3,4,7,4,5,4,5,4,3,4,3,4,4,5,1,6,1,7,1,4,7,4,6,4,6,4,3,4,4,4,3,4,2,4,3,5,2,4,7,4,5,4,6,4,3,4,4,4,4,4,4,4,3,4,3,4,7,4,5,4,7,4,4,4,4,4,3,5,1,4,3,4,3,5,7,4,7,4,6,4,2,5,3,5,3,5,2,4,3,4,2,4,7,4,5,5,7,5,2,4,4,4,3
2,"73",4,5,4,6,4,4,4,7,4,5,4,5,4,4,2,6,3,2,3,2,1,3,3,2,2,2,3,2,2,2,1,3,3,2,1,1,1,1,1,1,1,1,1,1,1,1,1,1,1,1,1,1,2,1,1,1,1,1,1,1,2,1,1,1,1,1,1,1,1,1,1,1,1,1,2,1,2,2,1,1,1,1,2,1,1,1,1,1,3,2,2,2,3,4,3,3,4,4,3,3,3,4,3,3,3,3,2,2,3,2,2,2,3,2,2,1,3,2,3,2,3,2,3,2
3,"79",2,5,3,5,3,6,4,7,3,5,2,5,4,5,2,6,2,4,5,3,2,4,6,7,5,7,6,7,6,1,4,4,6,1,7,1,7,1,7,1,6,1,5,7,6,7,5,2,3,4,6,2,5,2,3,3,7,1,6,6,6,6,6,6,5,3,2,4,1,4,6,3,5,3,6,2,7,7,6,7,6,7,6,1,7,1,7,1,6,1,2,3,7,1,6,1,5,5,5,7,6,1,7,1,5,1,5,2,4,3,5,3,6,2,6,6,6,6,6,1,2,3,6,1
4,"77",4,5,4,5,4,5,4,7,2,2,1,3,4,3,2,6,4,3,4,4,1,4,4,5,3,4,4,4,4,3,4,3,4,4,5,2,4,4,4,2,3,5,4,5,4,4,3,2,1,4,3,3,4,3,4,4,2,3,2,5,3,4,4,4,5,3,4,4,4,4,3,3,3,2,4,2,4,5,4,5,1,5,5,3,4,4,2,3,4,3,5,2,2,4,4,5,4,4,4,5,2,4,4,4,4,4,4,3,3,3,4,4,5,5,4,5,5,5,4,4,4,4,5,3
5,"69",4,4,3,5,3,4,4,7,4,4,3,4,1,3,2,6,2,2,2,2,1,4,3,4,5,5,5,5,3,4,4,5,3,4,1,1,1,2,2,2,3,4,4,4,4,4,4,4,4,4,1,1,1,3,2,4,2,2,1,3,1,3,5,5,4,4,1,1,4,4,1,2,1,1,2,4,4,4,4,4,4,5,3,4,5,4,3,4,3,4,2,2,3,4,5,5,4,5,4,4,3,4,4,4,3,4,2,2,2,2,1,1,1,2,4,4,1,1,4,4,4,4,4,4
6,"73",4,5,5,5,3,4,4,7,4,3,4,3,1,3,2,6,1,4,1,4,1,4,1,3,1,4,1,4,1,4,1,4,1,4,1,4,1,4,1,3,1,3,1,4,1,4,1,3,1,4,1,3,1,3,1,3,1,3,1,3,1,3,1,3,1,3,1,3,1,3,1,4,1,4,1,4,1,4,1,4,1,4,1,4,1,4,1,4,1,4,1,4,1,4,1,4,1,4,1,4,1,4,1,4,1,4,1,4,1,4,1,4,1,4,1,4,1,4,1,4,1,4,1,4
7,"74",7,7,5,5,7,7,4,7,6,4,5,4,7,2,2,6,5,3,3,2,6,1,7,7,1,4,4,6,6,1,7,4,4,3,7,1,6,1,4,1,6,6,5,5,6,3,7,3,1,3,3,4,7,1,3,3,7,1,7,7,6,6,4,5,5,5,3,3,5,4,5,2,3,3,6,2,7,7,7,7,2,5,5,4,6,4,6,3,7,1,2,3,7,1,3,6,3,5,6,6,6,3,4,4,3,4,3,2,5,3,5,3,7,7,2,5,5,6,7,1,6,3,6,4
8,"76",5,6,4,6,6,7,4,7,4,2,3,3,4,2,2,6,2,3,2,3,2,4,6,7,3,5,5,6,2,3,2,3,2,4,1,1,3,3,2,2,6,7,3,5,5,6,2,3,3,4,2,4,1,2,1,4,2,3,6,7,4,6,6,6,2,4,1,4,1,4,1,4,2,3,1,2,7,7,3,5,6,6,3,3,1,4,1,4,1,2,1,4,1,1,7,7,6,6,4,6,2,3,2,3,2,3,1,3,2,3,2,3,7,7,5,6,6,7,2,3,2,4,2,4
9,"71",4,6,4,4,4,3,4,7,4,2,4,3,4,3,2,6,3,2,4,3,4,2,4,6,4,5,4,5,3,2,1,4,4,2,4,1,4,3,4,2,4,6,4,4,4,6,4,1,4,4,4,2,4,1,3,3,4,2,4,5,4,5,4,7,4,4,4,4,3,4,4,2,4,3,4,2,2,6,4,5,4,5,4,2,4,3,4,3,4,1,3,3,4,3,4,7,4,6,4,6,4,3,3,2,5,3,4,3,5,2,4,3,4,5,4,5,4,6,4,2,4,4,4,3
10,"69",3,4,4,5,4,5,4,7,3,3,3,4,3,2,2,6,2,2,2,2,1,1,2,2,2,2,2,2,1,1,2,2,1,1,2,2,1,1,1,1,2,2,1,1,1,1,2,2,1,1,2,2,2,2,1,2,2,2,4,6,1,1,2,2,2,2,2,2,2,2,2,2,2,2,2,2,2,2,2,2,2,2,2,2,2,2,2,2,2,3,2,2,2,2,2,2,2,2,2,2,2,2,2,2,2,2,2,2,2,2,1,1,2,2,1,1,2,2,2,2,2,2,1,2
11,"68",4,4,1,4,3,4,4,7,1,4,1,4,1,4,2,6,3,3,1,4,2,2,3,5,3,5,2,5,2,1,1,4,1,2,3,1,2,2,3,1,2,5,2,5,2,5,2,2,3,3,3,1,3,2,2,3,3,3,6,5,3,5,2,5,2,3,2,3,2,3,2,3,1,4,3,3,4,5,2,5,3,5,6,3,2,3,2,2,3,1,1,2,3,2,3,6,3,6,3,5,2,1,2,3,2,2,2,1,2,2,2,2,2,5,1,4,3,5,2,4,2,3,3,3
12,"69",7,1,7,7,7,7,4,7,1,1,1,1,1,1,2,6,3,2,2,2,2,2,3,3,2,2,2,2,2,2,1,5,2,3,1,1,1,6,1,1,1,1,1,1,1,1,1,1,1,2,1,1,1,1,1,6,1,1,1,1,1,1,2,2,1,1,2,2,1,1,3,5,2,3,3,3,3,3,3,3,4,3,4,2,3,2,3,3,4,3,4,3,3,3,4,3,4,3,4,3,4,2,1,2,4,3,3,3,1,6,4,3,3,3,4,3,4,3,4,3,4,3,4,5
13,"70",3,4,1,4,1,4,4,7,1,4,1,4,4,4,2,6,1,4,1,4,1,4,1,4,1,4,3,4,3,4,4,4,3,4,1,4,3,4,1,4,3,4,3,4,1,4,3,4,3,4,3,4,1,4,3,4,3,4,3,4,3,4,3,4,3,4,3,4,3,4,4,4,3,4,3,4,1,4,3,4,1,4,3,4,3,4,3,4,3,4,1,4,3,4,3,4,3,4,1,4,1,4,1,4,1,4,1,4,1,4,1,4,1,4,1,4,3,4,1,4,3,4,1,4
14,"74",5,7,6,7,7,7,4,7,5,1,5,1,7,1,2,6,4,2,4,2,4,2,5,5,5,6,4,6,4,1,4,2,1,1,4,1,3,2,3,1,4,5,5,6,4,6,1,1,3,3,3,2,4,2,4,2,1,1,5,7,5,6,5,6,5,3,1,4,4,3,3,1,4,3,4,1,4,6,5,7,5,6,4,2,4,3,4,3,4,1,2,3,4,2,6,7,5,6,5,5,4,2,4,2,3,2,1,1,4,3,3,2,4,6,4,6,4,6,3,2,3,3,4,2
15,"67",7,7,7,7,7,7,4,7,7,1,5,3,1,1,2,6,6,2,5,3,4,3,6,6,4,4,4,4,7,1,5,3,5,3,7,1,5,3,6,2,7,7,6,6,6,6,6,2,4,3,7,1,5,3,3,3,5,3,7,7,5,5,6,6,4,4,4,4,4,4,6,5,4,3,5,5,7,7,2,5,6,6,5,3,5,3,5,3,7,1,5,2,5,3,7,7,6,6,7,7,6,2,6,2,5,3,6,2,4,3,3,3,7,7,6,6,6,6,6,2,4,4,4,3
16,"72",5,4,4,5,4,4,4,7,5,3,3,4,4,4,2,6,4,2,3,2,4,3,6,7,4,5,6,7,5,2,3,3,3,2,5,1,4,2,3,1,6,7,3,5,5,6,3,2,4,4,4,3,5,1,4,3,4,2,5,7,4,5,6,7,5,2,4,4,1,4,5,3,5,2,5,3,6,7,4,4,4,5,4,2,3,4,4,3,3,1,2,4,3,2,7,7,5,6,6,7,4,2,4,3,5,2,5,2,4,3,2,3,7,7,3,5,6,7,4,2,3,3,2,3
17,"79",5,7,6,7,6,7,4,7,6,3,4,3,4,3,2,6,5,3,3,4,4,3,5,5,3,4,5,5,7,6,5,3,5,3,7,1,4,4,6,2,6,6,5,5,5,6,5,3,2,4,4,4,5,3,3,4,3,3,6,7,4,4,5,5,3,3,2,4,2,4,5,3,3,3,5,3,6,6,5,5,5,6,5,3,4,3,5,3,6,3,4,4,3,4,7,7,5,5,6,6,6,2,5,3,5,3,5,3,3,3,5,3,6,7,5,5,6,6,6,1,3,4,4,4
18,"70",4,6,4,5,4,4,4,7,1,2,1,3,1,3,2,6,1,2,1,3,1,1,1,4,1,4,1,2,1,1,1,3,1,3,1,2,1,1,1,1,1,3,1,4,1,4,1,2,1,2,1,2,1,3,1,2,1,1,1,4,1,4,1,4,1,2,1,3,1,3,1,2,1,3,1,3,1,2,1,2,1,4,1,2,1,3,1,3,1,1,1,2,1,2,4,5,4,5,4,5,1,2,1,2,1,3,1,1,1,3,1,2,5,4,1,4,1,4,1,2,1,3,1,2
19,"69",7,7,7,7,7,7,4,7,7,1,7,1,7,1,2,6,7,1,6,2,6,2,7,7,5,5,6,6,7,1,6,2,6,2,7,1,6,2,7,1,7,7,7,7,7,7,7,1,5,3,7,1,7,1,5,3,6,2,7,7,5,6,6,6,5,2,2,3,7,1,7,1,6,2,7,1,6,6,5,5,7,7,7,1,5,3,5,3,7,1,6,2,7,1,7,7,5,5,6,6,7,1,1,1,1,1,7,1,7,1,6,2,7,7,6,6,7,7,7,1,3,2,1,1
20,"60",6,6,6,6,6,6,4,7,1,2,1,2,2,2,2,6,1,2,1,2,1,3,1,2,1,2,1,3,1,2,1,2,1,2,1,3,1,3,1,2,1,2,1,2,1,2,1,2,1,2,1,2,1,2,1,2,1,2,1,2,1,2,1,2,1,2,1,2,1,2,2,3,2,3,2,3,2,3,2,3,2,3,2,3,2,3,2,2,1,2,1,2,1,2,1,2,1,2,1,3,1,2,1,2,1,2,1,2,1,2,1,2,1,3,1,2,1,2,1,2,1,2,1,2
21,"25",4,4,5,3,2,3,4,5,3,5,3,3,1,5,2,6,5,6,5,4,5,2,4,2,1,4,6,2,3,4,5,1,6,4,6,7,7,1,4,7,6,2,5,5,5,4,6,5,5,1,4,6,6,5,6,4,7,2,4,3,5,3,7,5,6,3,2,3,1,2,1,3,5,2,6,7,5,4,6,2,6,2,1,1,2,6,5,7,4,3,6,4,5,6,5,1,5,5,3,3,7,4,5,1,4,6,2,5,6,2,6,1,5,4,4,4,7,3,5,3,5,3,6,7
22,"46",6,7,6,7,6,6,4,7,4,1,2,3,3,2,2,6,1,1,1,1,1,1,1,1,1,2,1,2,1,2,1,2,1,1,1,1,1,2,1,2,1,2,1,1,1,2,1,2,1,1,1,2,1,2,1,1,1,2,1,1,1,1,1,1,1,1,1,1,1,1,1,2,1,2,1,2,1,2,1,2,1,2,2,3,1,2,1,2,1,1,1,2,1,2,1,3,1,2,1,2,1,2,1,2,1,2,1,3,1,2,1,2,1,2,1,2,1,2,1,2,1,2,1,2
23,"69",5,6,5,6,5,6,4,7,5,2,4,3,5,3,2,6,5,2,4,4,4,3,5,6,5,5,5,5,5,2,5,2,5,2,5,1,5,2,5,2,5,5,4,5,4,4,4,3,4,3,4,3,5,2,4,3,5,2,5,6,4,5,4,5,5,4,4,4,5,3,5,2,4,3,5,2,5,5,5,5,5,5,5,2,4,4,4,3,5,2,5,2,5,2,5,6,5,5,5,5,5,2,5,3,5,3,5,2,4,3,4,2,5,6,5,5,5,6,5,2,4,4,4,4
24,"62",7,7,7,7,7,7,4,7,7,1,5,2,6,1,2,6,5,4,3,2,3,3,6,2,3,3,5,2,3,2,5,2,4,3,6,2,3,2,4,2,3,2,3,2,6,2,2,2,3,2,4,3,3,6,3,3,3,3,3,3,3,3,4,3,5,2,3,3,4,3,5,6,5,6,1,6,2,6,2,6,6,6,2,6,6,6,2,6,6,2,2,6,3,6,2,6,2,6,2,6,2,6,2,6,3,4,5,6,3,6,3,6,3,6,3,6,2,4,5,6,3,6,3,5
25,"80",6,6,5,5,7,6,4,7,6,2,1,5,3,3,2,6,3,4,3,4,3,5,5,4,3,2,2,4,5,3,3,4,5,5,6,5,5,5,4,3,5,4,3,5,2,6,6,6,2,5,4,5,7,2,4,5,3,2,5,5,2,5,4,3,3,5,2,5,4,5,6,5,3,3,7,5,5,4,3,5,4,3,4,3,2,3,3,5,5,1,3,3,5,2,5,6,2,3,5,5,4,4,3,5,4,2,3,3,4,3,5,1,6,6,4,5,3,5,4,3,4,3,5,3
26,"79",6,7,7,7,7,7,4,7,6,1,3,3,6,2,2,6,4,3,3,3,4,3,6,7,2,6,5,7,3,2,3,2,3,2,7,1,3,3,4,3,6,7,4,5,5,6,5,2,4,4,3,3,3,3,4,4,3,3,6,6,4,6,5,7,3,3,3,3,3,2,4,3,6,1,4,4,4,7,5,6,6,7,3,3,4,4,4,3,5,3,4,3,5,3,6,7,5,6,6,6,3,3,3,3,4,2,2,2,3,3,3,3,6,7,5,7,6,7,4,2,4,3,4,3
27,"68",4,5,4,5,3,4,4,7,4,3,3,4,3,4,2,6,3,3,3,4,3,3,3,5,3,4,4,5,3,2,3,3,3,3,3,2,3,3,3,3,3,5,3,4,3,5,3,3,3,4,3,4,3,3,3,3,3,3,3,6,3,4,3,5,3,3,3,4,3,4,3,3,3,4,3,3,3,5,3,4,3,5,3,4,3,4,3,4,3,2,3,3,3,3,3,6,4,4,3,5,3,3,3,3,3,3,3,3,3,4,3,3,3,5,3,4,3,4,3,4,3,4,3,4
28,"64",4,5,7,7,7,7,4,7,7,1,5,1,6,1,2,6,4,3,4,4,4,2,6,7,5,6,5,6,6,2,4,3,4,3,6,1,4,2,5,2,7,7,6,6,6,7,5,2,4,3,3,3,5,2,4,2,4,2,6,7,6,6,6,6,3,3,4,4,3,3,5,2,5,3,5,2,6,6,5,5,5,6,4,2,5,3,4,2,6,1,5,2,5,2,6,7,6,6,6,6,5,2,4,2,5,2,5,1,5,1,4,2,6,7,4,5,5,6,4,1,4,3,4,3
29,"36",6,7,5,7,5,7,4,7,6,6,4,5,5,6,2,6,5,2,5,3,5,3,5,6,4,4,4,5,5,2,4,3,5,3,6,1,5,2,5,2,5,6,5,5,4,5,5,3,4,4,4,3,5,2,5,3,4,3,5,5,4,5,4,5,5,3,4,4,4,4,6,1,5,2,5,2,4,5,4,4,4,5,5,3,4,3,5,3,6,2,5,3,5,2,5,6,4,5,4,5,5,2,5,2,5,3,5,3,5,3,5,3,5,6,4,4,4,5,5,2,5,3,4,3
30,"67",2,3,3,5,2,2,4,7,2,5,2,4,3,2,2,6,1,4,1,4,1,4,1,4,1,4,1,4,1,4,1,4,1,4,1,4,1,4,1,4,1,4,1,4,1,4,1,4,1,4,1,4,1,4,1,4,1,4,1,4,1,4,1,4,1,4,1,4,1,4,1,4,1,4,1,4,1,4,1,4,1,4,1,4,1,4,1,4,1,4,1,4,1,4,1,4,1,4,1,4,1,4,1,4,1,4,1,4,1,4,1,4,1,4,1,4,1,4,1,4,1,4,1,4
31,"80",7,7,7,7,7,7,4,7,1,1,2,2,1,1,2,6,1,1,1,1,1,1,7,7,6,6,6,6,1,1,2,2,1,1,1,1,1,1,1,1,7,7,6,6,7,7,1,1,2,2,1,1,1,1,2,2,1,1,7,7,6,6,7,7,2,2,4,4,2,2,1,1,1,1,1,1,7,7,6,6,7,7,1,1,2,2,1,1,1,1,3,2,1,1,7,7,6,6,7,7,1,1,1,1,1,1,1,1,2,2,1,1,7,7,6,6,7,7,1,1,2,2,1,1
32,"80",5,5,5,6,6,5,4,7,5,5,4,3,3,3,2,6,3,3,3,3,5,5,6,6,5,5,4,5,2,2,4,5,3,3,1,1,2,2,2,1,6,6,5,6,6,6,2,2,3,2,2,2,2,2,4,3,3,2,6,6,3,5,6,6,3,2,4,4,2,2,3,2,3,3,3,3,6,6,5,6,5,5,3,2,3,3,3,2,5,5,3,3,3,3,6,6,5,6,6,6,3,2,2,2,2,1,3,2,3,3,3,2,6,6,5,6,2,4,3,3,3,3,4,4
33,"72",3,4,3,4,2,4,4,7,3,4,3,3,3,5,2,6,5,2,4,2,5,2,7,7,5,5,3,4,6,2,6,2,3,2,7,1,6,2,7,1,7,6,5,5,6,6,6,2,2,3,5,2,3,2,5,3,6,2,7,7,4,5,5,6,2,4,1,4,5,3,7,1,5,3,6,2,6,6,5,5,6,6,5,3,3,3,3,3,6,2,5,3,5,3,6,6,5,5,6,6,5,3,5,3,5,3,3,5,3,3,6,2,5,6,5,5,6,7,6,2,2,3,5,2
34,"66",1,5,1,6,1,6,4,7,1,1,1,1,1,1,2,6,1,2,1,3,1,2,1,5,1,4,1,5,1,2,1,2,1,2,1,1,1,1,1,1,1,5,1,5,1,5,1,1,1,3,1,2,1,1,1,3,1,1,1,5,1,5,1,5,1,2,1,3,1,3,1,1,1,2,1,1,1,5,1,5,1,5,1,2,1,2,1,1,1,1,1,2,1,2,3,5,3,5,3,5,1,2,1,3,1,3,1,1,1,1,1,2,1,5,1,5,1,5,1,2,1,4,1,2
35,"74",7,7,7,7,6,7,4,7,5,3,1,1,1,1,2,6,1,1,5,4,1,1,7,7,7,7,7,7,5,3,5,3,5,3,1,1,1,1,1,1,7,7,6,6,7,7,5,3,5,3,5,3,1,1,5,3,1,1,4,6,7,7,7,7,5,3,5,3,5,3,1,1,1,1,1,1,7,7,7,7,7,7,5,3,5,3,5,3,1,1,1,1,1,2,4,7,7,7,6,6,5,3,5,3,5,3,1,1,1,1,1,1,7,7,7,7,6,6,5,3,5,3,5,3
36,"30",2,5,3,7,3,4,4,7,3,1,2,5,2,4,2,6,2,2,3,3,7,3,3,3,3,2,2,4,4,4,2,2,3,3,3,2,4,2,5,2,5,4,4,4,4,3,2,4,3,4,5,4,2,3,5,3,3,6,4,3,2,5,3,5,3,1,3,4,3,2,5,3,3,4,3,4,4,2,4,4,3,4,4,6,5,3,5,4,2,2,2,3,3,4,2,3,2,2,3,4,2,3,2,3,2,3,2,4,4,3,5,3,3,1,6,3,5,4,3,1,4,6,2,4
37,"26",2,7,2,7,2,7,4,7,3,5,7,2,2,7,2,6,2,6,2,6,2,5,2,6,2,7,3,6,2,7,7,3,3,5,3,5,3,6,2,6,2,6,2,6,2,6,4,5,2,7,2,6,7,1,2,6,2,6,2,5,2,6,6,1,2,7,2,6,2,5,3,6,2,7,2,5,2,7,2,6,2,7,3,7,2,7,3,4,3,5,3,6,2,7,2,7,2,6,2,7,3,6,7,5,2,6,3,5,2,7,2,7,2,6,2,7,5,5,3,6,3,6,2,7
38,"56",6,7,6,7,4,7,4,7,6,1,5,2,5,1,2,6,1,2,1,1,3,2,1,7,1,6,2,7,4,1,7,1,1,2,1,1,1,3,3,2,3,7,7,7,5,7,7,1,1,3,6,1,1,1,1,2,1,2,6,7,1,5,4,6,3,1,2,3,1,2,7,1,3,3,1,2,5,7,4,5,1,6,1,1,1,3,1,1,1,1,1,2,7,1,1,7,1,6,6,7,1,2,1,2,1,1,2,1,2,2,1,2,6,7,1,6,4,7,1,1,2,3,2,2
39,"59",4,5,4,5,4,5,4,7,4,5,4,4,4,5,2,6,4,2,4,3,4,3,4,5,4,4,4,5,4,2,4,4,4,3,4,3,4,3,4,2,4,6,4,5,4,5,4,2,4,3,4,2,4,2,4,3,4,2,4,6,4,5,4,5,4,3,4,3,4,3,4,2,4,4,4,3,4,6,4,5,4,6,4,3,4,4,4,4,4,3,4,4,4,4,4,6,4,5,4,6,4,4,4,3,4,3,4,3,4,4,4,3,4,6,4,5,4,6,4,3,4,4,4,5
40,"53",7,4,7,7,7,7,4,7,1,1,1,2,1,1,2,6,2,2,4,4,2,2,4,5,4,5,4,5,2,2,1,1,1,2,1,1,1,1,1,1,4,6,4,5,4,5,2,2,4,3,3,2,1,1,2,2,1,2,5,5,4,3,4,5,3,3,2,2,3,3,1,1,2,2,1,1,6,5,4,5,4,4,2,2,2,3,3,2,1,1,2,2,1,2,4,5,4,5,4,5,2,3,3,2,3,3,3,3,3,3,3,3,4,4,5,6,4,5,2,3,3,3,2,2
41,"63",4,7,4,7,4,7,4,7,4,1,4,1,4,1,2,6,1,4,1,4,1,4,1,4,1,4,1,4,1,4,1,4,1,4,1,4,1,4,1,4,1,4,1,4,1,4,1,4,1,4,1,4,1,4,1,4,1,4,1,4,1,4,1,4,1,4,1,4,1,4,1,4,1,4,1,4,1,4,1,4,1,4,1,4,1,4,1,4,1,4,1,4,1,4,1,4,1,4,1,4,1,4,1,4,1,4,1,4,1,4,1,4,1,4,1,4,1,4,1,4,1,4,1,4
42,"40",4,5,4,5,4,5,4,7,4,3,4,3,5,3,2,6,5,3,4,4,4,4,4,5,3,4,3,4,4,2,4,4,4,4,6,2,6,3,4,3,6,2,5,3,6,2,5,2,4,3,5,3,4,3,4,5,4,5,5,3,5,5,4,3,5,3,4,4,4,5,5,3,4,5,5,3,5,3,5,4,4,5,5,4,5,4,5,3,6,5,4,4,3,5,4,5,4,4,5,6,4,5,5,6,5,5,4,5,5,3,4,3,5,4,4,5,4,3,4,4,4,4,4,4
43,"58",3,3,4,5,4,4,4,7,4,4,3,3,4,3,2,6,2,3,4,3,4,4,5,6,5,5,3,4,3,3,5,2,5,2,5,2,3,3,3,2,5,6,4,3,5,3,4,3,4,4,5,3,5,3,2,4,2,4,3,5,4,5,3,5,4,4,3,4,2,3,5,2,3,4,5,2,5,6,4,4,5,5,5,3,4,3,5,3,4,2,4,4,4,3,3,3,5,5,5,5,5,2,5,2,4,3,5,2,3,3,5,2,4,5,5,6,5,6,5,2,4,3,5,3
44,"63",7,7,7,7,4,5,4,7,6,2,4,3,5,3,2,6,3,2,4,3,4,3,3,5,4,4,2,5,4,2,3,2,3,3,5,1,5,2,4,2,5,6,5,5,5,6,5,2,1,3,5,2,3,3,3,3,3,2,6,6,5,5,4,6,3,3,4,4,4,4,4,2,4,4,5,3,5,5,4,4,5,6,3,2,1,3,3,2,3,2,2,3,6,1,6,7,5,6,6,7,6,1,5,1,6,2,5,2,2,2,2,3,6,7,5,5,5,6,5,2,4,4,5,2
45,"75",6,6,6,6,6,6,4,7,6,6,5,5,6,6,2,6,1,1,2,2,2,2,6,6,4,4,6,6,1,1,1,1,1,1,1,1,2,2,1,1,6,6,6,6,6,6,1,1,4,4,1,1,1,1,3,3,2,2,6,6,6,6,6,6,1,1,4,4,3,3,1,1,1,1,1,1,6,6,5,5,6,6,1,1,2,2,2,2,1,1,2,2,3,4,7,7,6,6,7,7,1,1,1,1,2,2,1,1,3,4,1,1,6,6,6,6,6,6,1,1,3,3,3,3
46,"56",7,7,7,7,7,7,4,7,7,1,1,4,3,3,2,6,5,1,7,1,6,2,6,6,5,5,5,6,6,2,5,3,5,3,7,1,7,1,4,2,7,5,7,4,7,5,7,2,7,3,7,2,6,2,5,2,5,2,5,6,5,5,5,6,5,3,4,4,4,3,7,2,5,3,6,1,5,5,4,5,3,5,5,3,4,3,4,3,4,3,5,3,4,2,4,7,5,5,4,4,4,3,3,4,4,3,4,2,6,1,4,2,5,6,4,5,4,6,3,2,4,4,4,3
47,"73",5,5,5,5,4,4,4,7,5,3,4,4,4,4,2,6,5,2,3,3,5,2,5,6,5,5,5,6,5,2,5,2,5,3,5,1,4,3,6,1,5,6,5,6,5,5,4,3,4,4,5,3,5,2,4,3,5,2,4,6,5,5,5,6,3,3,4,4,4,3,3,2,4,3,2,2,5,6,4,5,5,5,5,2,5,3,4,4,6,1,3,3,3,2,5,6,5,6,5,6,5,3,4,3,5,3,5,1,4,3,5,2,5,6,5,6,5,6,5,2,4,4,5,2
48,"70",5,5,5,5,4,4,4,7,4,4,4,4,4,3,2,6,5,2,4,3,5,2,5,6,5,5,4,5,5,1,5,2,5,2,5,1,5,2,5,2,6,6,5,6,6,6,5,3,5,3,4,3,5,2,4,3,4,4,5,6,4,5,4,5,5,3,2,4,4,3,5,1,4,3,6,1,5,6,5,6,6,6,5,3,5,3,5,2,6,1,5,3,5,2,5,6,5,5,5,6,5,2,5,2,5,2,6,1,5,2,5,2,6,7,5,5,5,6,5,2,4,5,4,4
49,"48",4,5,3,4,3,4,4,7,2,4,3,4,2,4,2,6,1,1,1,3,1,1,1,1,1,4,1,4,1,1,1,3,1,1,1,1,1,1,1,2,1,1,1,2,1,1,1,1,1,1,1,1,1,1,1,2,1,1,2,4,2,3,2,1,2,4,2,4,1,1,1,1,1,1,1,1,1,5,1,4,1,4,1,1,1,1,1,1,1,4,3,4,3,4,4,4,3,4,3,4,1,2,2,4,2,2,2,3,2,1,2,1,2,6,2,4,2,1,1,4,2,4,2,4
50,"36",7,7,7,7,7,7,4,7,2,2,1,1,2,2,2,6,2,2,3,3,3,3,7,7,6,6,7,7,1,1,2,2,2,2,1,1,2,2,1,1,7,7,7,7,7,7,2,2,3,4,1,1,1,1,3,3,2,2,7,7,7,7,7,7,2,2,1,3,3,3,1,1,2,2,2,2,7,7,6,6,7,7,1,1,2,3,2,2,1,1,3,3,1,1,7,7,6,6,7,7,1,1,1,1,1,1,1,2,2,2,2,2,7,6,6,6,7,7,1,1,3,3,2,2
51,"33",6,7,7,7,7,7,4,7,1,1,1,1,1,1,2,6,3,3,3,3,3,2,6,6,5,5,3,6,2,2,3,3,4,2,3,3,3,3,3,2,5,6,5,6,5,3,3,3,3,2,3,3,2,3,4,3,3,2,5,5,3,6,5,5,1,3,4,3,3,3,4,3,3,2,2,3,6,6,6,6,6,6,3,3,3,3,3,3,3,3,3,3,5,3,5,6,5,6,5,6,4,3,4,3,3,3,3,3,3,3,3,3,3,6,5,6,5,6,2,1,3,3,4,5
52,"58",7,7,7,7,7,7,4,7,1,1,1,1,1,1,2,6,1,1,2,2,1,1,7,7,5,5,7,7,1,1,1,1,1,1,1,1,1,1,1,1,7,7,6,6,7,7,1,1,3,3,1,1,1,1,1,1,4,4,7,7,6,6,7,7,4,4,4,4,4,4,4,4,4,4,1,1,7,7,7,7,7,7,1,1,4,4,3,3,1,1,4,4,3,3,7,7,6,6,7,7,1,1,3,3,1,2,4,4,4,4,1,2,7,7,5,5,7,7,4,4,3,3,1,1
53,"77",6,7,7,7,5,7,4,7,7,7,1,1,4,2,2,6,4,4,5,3,5,3,7,7,6,5,6,7,3,2,5,3,6,4,5,1,4,3,5,4,7,7,4,4,6,7,2,1,3,3,1,4,4,2,5,4,1,3,7,7,6,6,7,7,4,4,1,4,3,4,5,2,4,3,5,3,7,7,6,6,5,6,4,4,5,4,4,2,7,1,1,4,5,3,7,7,7,6,7,7,4,4,4,3,4,5,3,1,5,4,5,4,7,7,6,6,6,7,5,5,5,4,4,3
54,"69",4,7,6,7,5,6,4,7,3,1,4,1,5,2,2,6,5,3,4,3,4,2,6,7,6,7,3,7,3,3,4,2,4,3,4,3,3,3,4,3,5,6,5,6,5,6,3,2,6,2,5,3,4,1,4,3,6,2,5,7,5,6,6,7,5,3,1,2,5,2,2,3,3,1,5,3,5,5,6,6,5,7,6,2,6,3,5,2,7,1,6,2,5,3,5,3,6,6,4,6,6,3,5,3,5,2,5,2,3,2,5,2,7,7,6,7,6,7,3,1,5,3,3,2
55,"38",7,7,7,7,7,7,4,7,1,1,1,1,2,1,2,6,5,4,5,4,5,4,5,4,5,4,4,4,5,4,5,4,5,4,5,4,5,4,5,4,5,4,5,4,5,4,5,4,5,4,5,4,5,4,5,4,5,4,5,4,5,4,5,4,5,4,5,4,5,4,5,4,5,4,5,4,5,4,5,4,5,4,5,4,5,4,5,4,5,4,5,4,5,4,5,4,5,4,5,4,5,4,5,4,5,4,5,4,5,4,5,4,5,4,5,4,5,4,5,4,5,4,5,4
56,"34",4,4,7,7,4,4,4,7,4,4,1,1,4,4,2,6,4,4,4,4,4,4,4,6,4,4,4,4,4,4,4,4,4,4,4,4,1,1,2,2,4,4,4,4,4,4,3,3,4,4,4,4,1,1,4,4,1,1,4,4,4,4,4,4,4,3,5,5,4,4,4,4,7,7,1,1,4,4,4,4,4,4,4,4,4,4,4,4,4,1,2,2,4,4,4,5,4,4,4,4,4,4,4,4,4,4,4,1,4,2,1,1,4,4,1,1,7,7,4,4,6,6,4,2
57,"60",1,4,4,5,4,4,4,7,3,3,2,3,4,3,2,6,5,3,2,4,4,3,7,7,1,5,6,7,4,2,2,4,4,4,2,2,3,3,3,3,5,6,3,3,4,3,5,3,4,2,5,3,5,3,4,3,4,3,7,7,5,5,7,7,3,3,3,4,4,2,4,4,3,3,3,3,4,6,5,6,3,5,4,2,3,3,3,3,2,3,2,4,4,3,4,4,5,6,6,6,4,3,5,3,5,3,3,3,4,4,4,4,7,7,3,4,6,7,3,3,5,4,5,3
58,"76",7,7,7,7,7,7,4,7,7,1,7,1,7,1,2,6,5,1,5,3,4,2,6,7,4,5,6,5,5,2,4,3,4,3,4,2,5,2,5,2,5,6,4,6,5,6,3,3,3,3,5,2,3,3,3,3,4,2,6,7,4,5,5,7,3,3,4,2,3,3,3,3,3,3,4,3,5,6,3,5,5,6,2,1,4,3,5,2,5,1,5,3,4,2,6,7,3,5,3,5,3,2,4,3,5,2,3,3,4,3,3,2,6,7,5,6,5,6,5,2,3,3,5,2
59,"76",7,7,7,7,6,7,4,7,6,7,5,5,6,1,2,6,3,3,3,3,3,4,7,7,5,5,7,7,7,3,4,2,4,3,5,1,1,3,2,1,7,7,6,6,7,7,6,3,1,4,1,4,3,1,1,4,5,3,7,7,5,6,6,7,1,4,4,4,1,4,3,1,3,3,5,4,7,7,5,5,7,7,3,3,4,3,5,3,7,1,1,4,3,3,7,7,7,7,7,6,5,2,7,2,5,2,6,3,2,3,3,4,7,7,7,7,7,7,4,3,4,6,5,3
60,"74",7,7,7,7,5,6,4,7,7,1,5,3,7,1,2,6,6,2,7,1,4,4,5,6,4,7,4,4,4,4,4,4,6,3,4,4,4,2,6,1,7,7,5,6,4,4,4,2,4,4,4,1,7,1,5,2,5,1,4,4,7,1,4,4,4,4,4,4,4,4,7,1,4,4,4,4,4,4,6,7,4,4,4,4,4,4,4,4,4,4,7,1,4,4,7,7,4,4,4,4,4,4,4,4,7,1,4,4,4,4,4,4,7,7,5,1,7,1,4,4,5,2,7,1
61,"52",2,3,5,6,5,6,4,7,2,1,3,3,3,2,2,6,3,3,3,3,4,3,6,6,5,5,5,6,3,2,4,4,3,3,1,1,2,1,2,2,7,7,5,5,5,6,1,1,3,3,1,1,4,3,3,3,2,2,7,7,5,6,3,6,3,3,4,4,4,2,3,3,2,2,1,1,6,6,4,5,4,5,3,2,3,2,3,3,1,2,3,3,1,1,5,6,5,6,5,6,1,1,3,3,3,3,1,1,2,2,3,3,7,7,5,6,5,6,2,2,4,4,4,3
62,"25",3,4,4,4,4,4,4,4,4,4,4,4,4,4,2,6,4,4,4,4,4,4,4,4,4,4,4,4,4,4,4,4,4,4,4,4,4,4,4,4,4,4,4,4,4,4,4,4,4,4,4,4,4,4,4,4,4,4,4,4,4,4,4,4,4,4,4,4,4,4,4,4,4,4,4,4,4,4,4,4,4,4,4,4,4,4,4,4,4,4,4,4,4,4,4,4,4,4,4,4,4,4,4,4,4,4,4,4,4,4,4,4,4,4,4,4,4,4,4,4,4,4,4,4
63,"61",7,7,7,7,7,7,4,7,7,2,6,3,6,2,2,6,3,3,5,4,4,3,7,7,5,6,6,6,7,1,3,3,5,3,7,1,5,1,5,2,7,7,5,6,6,6,4,3,1,4,4,3,6,1,2,4,5,2,7,7,6,6,7,7,5,3,1,4,2,4,6,2,3,4,5,2,6,6,6,6,5,6,5,3,6,3,5,3,5,3,5,2,5,3,7,7,6,6,6,7,2,3,6,2,5,2,7,1,2,3,5,3,6,7,5,5,6,6,6,1,3,3,5,2
64,"35",5,5,5,5,6,6,4,7,5,4,3,3,5,4,2,6,2,2,3,3,5,3,7,7,5,5,6,6,1,1,3,3,2,2,1,1,3,3,3,2,7,7,5,5,5,5,3,3,4,4,3,3,4,2,3,3,4,3,5,5,5,5,6,6,4,3,4,4,5,3,3,2,3,3,3,3,6,6,4,4,5,5,3,3,3,3,4,3,2,2,4,3,2,2,7,7,4,5,7,7,3,2,3,3,4,3,1,2,3,3,3,2,6,6,5,5,5,5,3,2,3,3,3,3
65,"42",1,7,1,7,1,7,4,7,6,2,7,5,1,7,2,6,7,2,7,1,6,2,1,7,1,7,1,7,7,2,7,1,7,1,7,1,7,3,7,1,1,7,1,7,1,7,7,1,7,1,7,2,7,1,7,1,6,4,1,7,1,7,1,7,7,1,6,2,6,3,7,1,5,4,7,1,1,7,1,6,1,7,7,1,7,1,7,1,7,1,7,4,7,1,1,7,1,7,1,7,7,1,7,1,7,1,7,1,7,2,7,1,1,7,1,7,1,7,7,1,7,1,7,1
66,"67",5,6,5,6,5,6,4,7,1,2,1,1,1,2,2,6,1,1,1,1,1,3,7,6,6,6,7,6,1,2,1,2,1,3,1,1,3,3,2,4,7,7,7,7,7,7,1,2,2,3,1,1,2,2,3,3,3,3,7,6,6,6,7,7,2,3,4,3,2,2,1,1,2,3,1,1,7,7,7,6,7,6,1,2,3,3,1,1,1,1,3,2,1,1,6,6,7,6,7,7,4,3,2,2,1,3,1,1,1,2,1,2,7,7,5,5,7,6,2,2,3,3,1,3
67,"60",6,5,4,4,5,5,4,7,3,2,3,4,4,5,2,6,5,4,6,5,4,4,5,4,4,4,5,4,5,5,5,6,6,4,4,4,4,4,4,4,4,4,4,4,3,3,4,4,5,5,5,4,4,5,5,5,4,4,6,6,5,4,5,4,4,5,5,5,4,3,5,4,6,6,3,3,5,5,4,4,5,5,4,4,5,5,5,6,5,5,5,4,4,4,5,6,5,4,5,6,4,4,4,4,5,4,4,4,5,4,3,4,5,5,5,5,5,5,5,4,3,5,5,6
68,"33",7,7,7,7,7,7,4,7,7,6,7,6,4,3,2,6,4,5,6,3,3,2,7,7,4,3,5,3,3,2,5,3,7,3,3,2,3,2,4,3,7,7,7,7,7,7,5,3,4,2,4,3,7,1,7,6,5,3,7,7,1,1,7,7,5,3,4,3,3,4,7,2,4,2,7,5,7,7,5,6,7,7,3,3,4,3,5,3,7,2,7,1,3,3,7,7,6,5,7,7,4,3,6,3,5,3,5,3,2,3,3,3,7,7,7,3,7,7,3,3,3,4,5,2
69,"25",4,4,4,4,4,4,4,7,4,4,4,4,4,4,2,6,4,4,4,4,4,4,4,4,4,4,4,4,4,4,3,2,4,4,6,4,4,4,3,4,4,4,4,4,4,4,4,4,4,4,4,4,1,1,4,4,4,4,4,4,4,4,4,4,4,4,3,4,4,4,4,4,4,4,4,4,4,4,4,4,4,4,6,4,4,4,4,4,4,4,4,4,4,4,4,4,4,4,5,4,4,4,4,4,4,4,4,4,4,4,4,3,4,4,4,4,4,4,4,4,4,4,4,4
70,"37",1,4,1,5,1,6,4,7,1,4,1,3,1,4,2,6,3,3,2,3,2,3,1,5,1,4,2,4,3,3,3,2,3,2,2,2,3,2,2,2,2,3,3,2,2,3,3,3,2,4,2,3,1,3,4,3,1,4,1,5,3,6,4,6,4,2,4,3,4,2,3,3,1,4,1,4,4,5,1,4,2,6,3,3,2,3,3,4,1,4,1,5,1,4,4,3,2,3,4,3,3,2,3,2,1,3,2,3,1,3,2,4,1,5,1,4,4,6,4,2,4,3,3,3
71,"62",4,5,4,5,4,5,4,7,4,3,4,3,4,3,2,6,5,1,4,1,4,3,5,7,5,1,5,6,5,1,4,1,4,1,5,1,5,1,5,1,5,6,5,6,4,5,5,1,4,3,5,2,5,1,4,4,3,2,4,6,4,6,4,7,4,3,4,4,4,3,5,1,5,2,5,1,4,6,4,7,4,5,5,1,4,3,4,3,5,1,4,1,5,2,4,7,5,6,5,7,5,1,5,2,5,1,6,1,5,1,5,2,5,6,4,6,5,6,5,1,5,3,5,1
72,"72",5,6,6,5,6,6,4,7,6,5,7,3,6,6,2,6,6,1,6,2,6,1,6,1,7,1,6,1,6,1,6,1,7,1,6,1,7,1,6,1,6,1,7,1,7,1,7,1,6,1,7,1,5,2,6,1,6,2,5,2,4,2,7,1,6,2,5,2,6,2,6,5,6,4,6,4,6,2,6,5,5,5,5,6,6,2,5,5,5,3,5,3,5,3,5,3,4,2,4,2,3,3,5,3,5,2,5,2,6,2,4,2,4,3,6,2,7,2,5,3,5,2,6,2
73,"78",4,6,2,5,4,6,4,7,2,2,3,3,4,2,2,6,1,2,1,4,1,3,3,6,2,5,2,5,2,1,1,2,1,2,1,1,2,3,3,1,2,7,1,5,3,6,2,2,1,2,1,3,1,2,1,3,1,2,3,6,2,5,3,6,1,3,1,3,1,2,1,1,1,3,1,1,5,6,1,5,2,6,2,3,1,1,1,3,1,2,1,3,2,2,2,7,2,5,3,6,1,2,1,3,2,3,1,2,1,3,2,2,2,6,1,5,2,5,1,1,1,3,1,3
74,"68",3,3,3,3,4,5,4,7,2,2,2,2,2,2,2,6,2,2,6,2,2,2,2,2,2,2,2,2,2,2,2,2,2,2,2,2,2,2,2,2,2,2,2,2,2,2,2,2,2,2,1,1,2,2,1,2,2,2,2,2,2,2,2,2,2,2,2,2,2,2,2,2,2,2,2,2,2,2,2,2,2,2,2,2,2,2,2,2,2,2,2,2,2,2,2,2,2,2,2,2,2,2,2,2,2,2,2,2,1,2,2,2,2,2,2,2,2,2,2,2,2,2,2,2
75,"56",5,6,6,6,6,6,4,7,1,1,1,1,1,1,2,6,3,4,3,4,3,4,3,4,3,4,3,4,3,4,3,4,3,4,1,2,1,2,1,2,1,2,1,2,1,2,1,2,1,2,1,2,3,4,3,4,3,4,3,4,3,4,3,4,3,4,3,4,3,4,3,4,3,4,3,4,3,4,3,4,3,4,3,4,3,4,3,4,3,4,3,4,3,4,3,4,3,4,3,4,3,4,3,4,3,4,3,4,3,4,3,4,3,4,3,4,3,4,3,4,3,4,3,4
76,"73",2,6,2,5,2,5,4,7,2,3,1,4,3,3,2,6,2,2,3,2,1,2,4,6,2,6,4,6,3,2,3,3,2,3,5,1,3,1,3,3,3,6,4,4,1,5,3,2,2,3,4,2,2,2,1,2,1,2,4,6,3,6,4,6,5,2,4,4,3,3,5,1,3,3,3,3,3,6,3,6,4,6,3,3,3,3,5,2,3,3,2,3,2,2,4,6,1,7,2,5,3,3,3,3,2,3,4,2,3,2,5,3,2,6,4,6,3,6,2,3,3,3,3,3
77,"50",6,6,6,5,4,4,4,7,5,5,3,4,4,4,2,6,1,2,3,3,3,2,4,4,4,4,3,2,4,4,3,3,3,2,1,1,1,1,1,1,1,1,1,1,1,1,1,1,1,1,1,1,1,1,1,1,1,1,1,1,1,1,3,3,1,1,1,1,2,2,6,6,7,7,6,6,6,6,5,5,4,3,6,6,6,6,6,6,4,4,4,4,4,4,4,4,4,4,2,2,2,2,4,4,4,4,4,4,4,4,5,5,2,2,4,4,4,4,4,4,2,2,5,5
78,"74",7,6,6,6,6,7,4,7,5,1,4,1,3,1,2,6,3,4,4,3,2,2,4,5,5,4,6,6,3,3,3,3,2,3,2,1,3,2,2,2,7,7,6,5,4,4,3,2,2,2,3,2,2,1,3,4,3,2,7,7,4,5,6,7,3,3,5,4,3,3,3,2,2,3,5,3,6,6,5,6,6,5,4,4,3,3,3,3,3,1,3,3,2,2,7,7,4,4,6,7,2,2,3,3,4,2,2,2,3,2,3,2,6,7,5,5,2,4,4,4,3,3,4,4
79,"58",1,4,1,4,1,4,4,7,1,4,1,4,1,4,2,6,1,4,1,4,1,4,1,4,1,4,1,4,1,4,1,4,1,4,1,4,1,4,1,4,1,4,1,4,1,4,1,4,1,4,1,4,1,4,1,4,1,4,1,4,1,4,1,4,1,4,1,4,1,4,1,4,1,4,1,4,1,4,1,4,1,4,1,4,1,4,1,4,1,4,1,4,1,4,1,4,1,4,1,4,1,4,1,4,1,4,1,4,1,4,1,4,1,4,1,4,1,4,1,4,1,4,1,4
80,"62",7,7,7,7,6,7,4,7,4,5,1,4,1,1,2,6,1,3,1,3,1,3,6,7,6,6,6,7,1,3,2,3,1,1,1,1,1,3,1,2,1,3,6,6,5,5,1,1,1,1,1,2,1,1,1,1,1,2,7,7,6,5,5,6,1,3,2,2,1,1,1,1,1,1,4,5,6,6,5,5,4,4,1,1,1,1,3,4,1,2,1,3,1,1,4,5,6,6,7,7,1,2,4,4,1,1,1,1,1,1,1,1,7,6,4,5,6,6,1,3,4,4,1,2
81,"55",1,7,1,7,1,7,4,7,7,1,6,2,7,2,2,6,7,1,5,2,7,1,1,7,3,5,1,6,6,2,6,2,7,1,7,1,7,1,7,1,1,7,3,5,1,7,7,1,6,2,6,2,7,2,5,3,6,2,1,7,2,7,1,7,6,2,5,3,4,3,7,1,3,2,7,1,1,7,1,7,2,6,7,1,6,2,5,2,7,1,5,3,7,1,1,7,4,3,1,7,6,2,7,1,6,2,7,1,7,7,7,1,1,7,1,7,1,7,6,1,4,3,5,2
82,"35",7,7,7,7,7,7,4,7,3,3,4,4,4,3,2,6,2,2,1,2,3,3,7,6,6,7,6,6,2,2,1,1,2,2,2,2,2,3,2,3,6,6,7,7,6,5,2,2,1,2,1,2,3,3,1,2,2,2,7,6,6,6,7,7,2,3,4,4,4,4,2,2,3,3,1,1,7,7,7,7,7,6,1,1,3,3,1,2,2,2,4,3,2,2,7,7,7,7,6,6,1,2,2,3,2,3,2,2,1,2,1,1,7,7,7,6,7,7,4,2,2,3,3,2
83,"68",1,1,1,5,2,6,4,7,1,5,1,4,1,4,2,6,1,1,1,4,1,4,1,1,1,1,1,4,1,3,1,1,1,4,1,1,1,3,1,4,1,1,1,3,1,3,1,1,1,3,1,1,1,2,1,1,1,1,1,1,1,4,1,1,1,4,1,1,1,4,1,4,1,4,1,4,1,1,1,4,1,1,1,4,1,4,1,1,1,5,1,4,1,1,4,6,1,4,1,4,1,4,1,4,1,4,1,1,1,1,1,3,1,4,1,1,1,4,1,4,1,1,1,3
84,"68",5,7,5,7,5,6,4,7,6,1,4,2,3,1,2,6,1,3,1,2,1,1,1,3,1,4,1,3,1,2,1,2,1,2,6,1,1,1,1,1,1,2,1,3,1,2,1,2,1,2,1,1,1,2,1,3,2,1,1,4,1,3,1,3,1,3,1,2,1,3,1,1,1,3,1,2,1,2,1,3,1,2,1,2,1,2,1,2,2,3,3,3,2,3,4,5,4,5,4,6,2,3,2,3,3,3,1,2,1,3,1,2,1,4,1,4,1,4,1,3,1,3,1,2
85,"63",5,6,5,5,5,6,4,7,4,5,3,4,4,5,2,6,1,2,2,2,2,2,4,4,3,5,4,6,2,2,2,2,2,2,1,1,2,2,1,2,4,6,2,4,4,6,2,3,3,3,2,3,2,2,3,4,2,3,5,6,3,5,5,6,2,3,2,4,2,2,1,2,2,2,1,1,5,6,2,5,5,6,2,2,2,2,2,2,2,2,2,2,2,2,4,6,4,5,5,6,2,2,1,2,2,2,2,2,2,3,2,2,4,6,4,5,3,4,1,1,3,3,1,1
86,"67",6,6,5,5,5,5,4,7,4,3,4,4,3,3,2,6,4,3,4,4,3,3,6,6,4,5,5,6,3,3,4,4,4,3,7,1,2,2,7,1,5,6,4,5,5,6,3,2,4,3,4,3,1,1,4,3,2,2,3,5,4,5,4,5,4,4,4,4,4,4,5,1,4,3,4,1,6,6,4,5,4,5,4,3,4,4,4,3,2,2,4,3,4,3,6,6,5,5,4,6,3,3,3,2,4,2,1,4,4,4,4,4,4,5,5,5,4,6,6,6,4,3,3,2
87,"51",7,7,6,7,5,7,4,7,3,1,6,1,6,1,2,6,2,3,2,3,2,3,5,7,1,5,2,5,5,3,3,3,2,4,4,3,4,3,3,4,3,5,2,3,1,5,3,3,1,4,2,4,1,4,1,3,4,3,1,6,2,5,5,6,4,3,1,4,3,3,5,5,5,5,5,5,3,6,1,4,1,4,3,3,3,3,1,3,1,4,2,3,2,4,2,4,3,4,2,4,3,4,1,3,1,4,3,4,2,4,1,4,3,5,2,5,4,6,3,3,1,4,5,4
88,"35",1,4,3,5,1,4,4,7,1,5,1,4,3,6,2,6,5,2,2,1,4,2,2,7,5,7,5,6,5,2,2,2,3,2,7,1,5,1,6,1,6,7,3,5,3,7,4,3,3,3,3,2,5,2,4,3,4,2,2,6,5,6,6,6,2,2,3,3,2,3,7,1,4,2,7,1,4,7,4,5,4,7,3,2,3,2,4,2,5,1,6,1,5,2,5,7,2,5,5,6,2,2,3,2,5,2,3,2,5,3,4,3,5,6,3,6,2,6,4,3,3,3,4,2
89,"73",5,6,6,6,6,6,4,7,5,3,5,5,5,3,2,6,2,3,2,2,2,2,2,2,3,2,2,3,2,3,2,3,2,2,3,3,3,3,4,4,4,4,3,3,4,4,3,3,4,5,4,5,2,2,2,2,2,2,2,2,2,2,2,2,2,2,2,2,2,2,4,5,4,4,4,5,4,4,4,5,4,4,4,4,4,4,3,5,5,5,5,5,5,5,5,5,5,5,5,5,5,5,5,5,5,5,4,3,4,4,4,4,4,4,4,3,4,4,4,4,3,3,4,4
90,"67",4,7,5,4,1,4,4,7,1,1,1,1,1,3,2,6,1,4,1,3,1,1,1,4,1,6,1,5,1,2,1,3,1,2,1,1,1,4,1,4,1,6,1,6,1,5,1,3,1,4,1,2,1,4,1,2,1,1,1,4,1,5,1,5,1,3,1,4,1,3,1,2,1,4,1,1,1,7,1,6,1,5,1,2,1,3,1,2,1,2,1,2,1,4,1,7,1,4,1,6,1,4,1,2,1,4,1,3,1,2,1,2,1,5,1,4,1,4,1,2,1,4,1,4
91,"65",5,6,5,6,5,6,4,7,3,2,4,3,4,2,2,6,4,3,4,3,4,3,4,6,4,5,4,5,4,2,4,3,4,3,5,1,4,3,4,2,4,6,4,5,4,5,4,3,4,3,4,3,4,2,4,3,4,3,4,6,4,5,4,5,4,3,4,4,4,3,4,3,4,3,4,3,5,6,4,5,4,6,4,3,4,3,4,3,4,2,4,3,4,3,4,6,4,5,4,5,3,3,4,3,4,3,4,3,4,3,4,3,4,6,4,5,4,6,4,2,4,3,4,3
92,"64",7,7,7,7,7,7,4,7,1,1,1,1,1,1,2,6,1,1,1,1,4,4,3,5,1,1,2,2,1,2,1,1,1,1,1,1,1,1,1,1,1,1,4,4,1,1,1,2,1,1,1,1,1,1,1,1,1,1,4,5,1,1,4,5,1,1,5,4,4,4,1,1,1,1,1,1,1,1,1,1,3,3,1,1,1,1,1,1,1,1,1,1,1,1,2,3,1,1,1,1,1,1,1,1,1,1,1,1,1,1,1,1,1,1,2,2,1,1,1,1,1,1,1,1
93,"80",6,7,5,6,4,5,4,7,5,1,5,5,5,2,2,6,4,4,4,4,4,4,4,6,5,4,4,4,4,3,2,2,4,3,6,1,3,2,5,1,5,6,5,5,4,3,4,2,5,2,4,4,6,1,3,2,4,2,4,6,3,2,3,2,4,2,4,3,4,3,6,1,5,2,2,4,5,6,4,3,5,6,4,3,4,3,4,4,6,1,5,6,5,1,6,7,5,6,6,7,4,3,5,3,4,3,6,1,6,2,4,1,4,4,4,4,5,5,5,4,4,4,4,4
94,"29",7,7,7,7,7,7,4,7,1,1,2,1,2,2,2,6,2,2,2,2,1,1,7,7,7,7,7,7,1,1,2,4,4,4,1,1,1,1,1,1,7,7,6,2,7,7,1,4,2,2,1,1,1,1,1,1,1,1,7,7,5,5,7,7,1,1,2,3,2,2,1,1,2,1,1,1,7,7,6,6,2,7,1,1,1,2,1,1,2,2,1,2,1,1,7,7,7,7,7,7,1,1,1,1,1,2,1,1,1,2,1,1,7,7,7,7,7,7,1,1,2,2,2,3
95,"59",7,7,7,7,5,7,4,7,3,2,1,1,5,4,2,6,1,1,1,4,1,1,5,7,5,7,6,7,1,1,1,1,2,1,1,1,1,1,1,5,6,7,4,5,6,7,1,1,1,1,1,1,1,1,1,1,1,1,7,7,5,7,4,7,1,1,1,1,1,1,1,1,1,1,1,1,5,7,1,1,4,4,1,1,1,1,1,1,1,1,1,1,1,1,5,7,6,7,6,7,1,1,1,1,1,1,1,1,1,1,1,1,7,7,6,7,4,7,1,1,1,1,1,1
96,"57",7,7,4,5,7,7,4,7,1,1,2,2,5,2,2,6,3,4,4,3,1,1,5,6,5,5,5,6,1,2,2,1,2,1,2,2,3,3,3,2,6,7,5,6,6,6,3,2,4,3,3,3,3,2,3,3,2,2,5,7,3,5,5,6,3,3,2,3,3,3,3,1,4,3,2,1,7,7,3,5,5,6,2,2,3,3,2,2,1,1,3,3,2,2,6,7,5,5,5,6,3,2,3,2,3,3,2,1,3,3,2,2,6,7,4,5,6,6,2,1,3,3,3,2
97,"30",7,6,7,7,7,6,4,7,6,7,7,7,6,7,2,6,6,7,7,7,6,6,6,6,5,7,7,5,5,7,6,4,7,7,5,4,5,4,5,7,4,6,3,4,3,5,5,4,5,6,7,6,6,6,6,6,7,6,6,4,6,4,7,7,7,6,7,7,6,4,5,7,6,6,4,3,6,3,6,6,7,7,6,5,5,5,5,3,6,5,4,7,7,7,6,5,7,6,7,6,6,6,5,6,6,7,7,6,7,7,5,3,4,4,4,4,5,5,5,5,6,7,5,6
98,"74",5,6,5,6,5,6,4,7,5,2,5,2,5,1,2,6,1,3,1,3,1,3,1,4,1,4,1,5,1,2,1,3,1,3,1,1,3,1,1,1,1,5,1,4,1,4,1,2,1,3,1,3,2,1,1,3,2,1,1,3,1,5,1,5,1,4,1,4,1,4,2,1,3,1,1,2,1,5,1,5,1,5,1,3,1,2,1,3,2,2,2,3,1,3,2,7,2,4,3,5,2,3,1,3,1,2,1,1,1,3,2,1,1,6,1,5,1,6,1,2,1,3,2,2
99,"66",5,6,6,7,4,6,4,7,2,2,1,3,2,3,2,2,1,4,1,2,1,1,1,5,1,5,1,5,1,2,1,2,1,3,1,1,1,1,1,1,1,6,1,5,3,6,1,2,1,3,1,3,1,1,1,2,1,1,2,6,2,5,1,5,1,3,1,3,1,3,1,2,1,3,1,2,1,6,2,5,2,5,1,3,1,3,1,3,2,1,2,3,2,2,4,7,3,6,4,6,2,4,2,3,2,3,1,2,1,3,1,2,1,6,1,5,3,6,1,3,1,3,1,2
100,"35",7,7,7,7,7,7,4,7,6,1,7,1,4,1,2,6,6,1,6,4,7,3,7,7,7,7,7,7,7,1,6,3,7,2,7,1,2,1,7,1,7,7,6,7,7,7,6,2,5,3,6,2,7,1,6,2,7,1,7,7,6,6,7,7,6,3,6,6,6,2,7,1,6,4,7,1,7,1,7,7,7,7,6,2,6,3,3,2,7,1,7,6,7,2,7,7,6,7,7,1,3,1,5,4,6,1,2,1,7,2,7,1,7,7,7,7,6,7,7,2,6,3,6,2
101,"49",2,6,4,6,2,6,4,7,2,3,2,3,2,2,2,6,2,1,1,3,1,3,2,7,3,6,2,6,2,3,2,2,2,3,2,1,2,2,2,2,2,7,2,6,2,6,2,3,1,3,2,2,1,2,1,3,1,3,2,7,1,6,2,6,1,3,1,3,1,3,1,2,1,3,1,2,2,7,2,5,2,6,2,3,2,3,1,3,2,2,1,2,1,2,2,7,2,6,2,6,1,2,2,3,1,3,1,2,2,1,1,2,2,7,2,6,2,6,2,3,1,3,2,3
102,"34",7,7,7,7,7,7,4,7,1,1,2,2,1,1,2,6,1,3,3,3,1,2,7,7,4,5,7,7,1,1,1,1,2,3,7,1,4,2,1,1,7,7,7,7,7,7,1,1,1,1,1,1,1,1,1,1,1,1,7,7,7,7,5,5,1,2,4,3,1,1,1,1,1,1,1,1,7,7,7,7,7,6,1,1,1,1,1,1,1,1,3,3,1,1,7,7,6,6,7,7,1,2,1,1,1,1,7,7,1,2,1,1,7,7,7,7,7,7,1,1,5,5,1,1
103,"44",7,7,7,7,5,5,4,7,7,1,6,1,6,2,2,6,6,2,6,2,6,2,7,7,5,5,6,6,7,2,6,2,6,3,7,1,5,2,6,2,6,6,4,5,6,6,6,2,5,3,5,3,6,2,5,3,6,2,6,6,5,5,6,6,4,3,4,3,5,3,7,1,5,3,7,1,6,6,5,5,6,6,6,2,5,3,6,3,7,2,4,3,6,2,6,6,5,5,6,6,6,2,6,2,6,2,6,2,5,3,5,3,6,6,5,5,6,6,6,2,5,3,6,2
104,"59",1,7,1,6,1,7,4,7,1,1,1,1,1,1,2,6,1,4,1,4,1,4,1,4,1,4,1,4,1,4,1,4,1,4,1,4,1,4,1,4,1,4,1,4,1,4,1,4,1,4,1,4,1,4,1,4,1,4,1,4,1,4,1,4,1,4,1,4,1,4,1,4,1,4,1,4,1,4,1,4,1,4,1,4,1,4,1,4,1,4,1,4,1,4,1,4,1,4,1,4,1,4,1,4,1,4,1,4,1,4,1,4,1,4,1,4,1,4,1,4,1,4,1,4
105,"65",2,6,3,6,2,4,4,7,1,1,1,2,4,4,2,6,4,3,1,3,1,2,3,6,3,5,2,5,2,1,1,3,2,2,4,1,1,2,1,1,4,6,1,5,4,5,2,1,2,3,1,1,5,1,1,1,1,1,2,7,3,5,2,6,3,1,4,3,1,3,2,1,3,2,3,2,3,5,1,5,1,5,1,1,3,2,4,1,3,1,3,3,3,2,5,6,2,5,1,6,3,2,3,1,2,1,3,1,1,2,3,2,3,6,1,5,3,6,1,1,1,1,3,2
106,"54",2,4,4,5,4,5,4,7,3,3,4,3,4,3,2,6,2,2,4,3,3,2,5,5,5,6,5,5,3,2,3,3,3,2,2,2,3,2,2,2,5,5,5,5,5,6,3,3,4,3,3,3,2,2,4,3,3,2,6,6,5,5,5,6,2,3,4,4,4,3,3,2,4,3,3,3,5,5,4,5,5,5,3,4,4,3,4,3,2,2,2,2,2,2,5,6,5,6,5,6,3,2,3,2,3,2,3,2,3,2,3,2,5,5,5,6,5,5,3,2,4,5,3,3
107,"59",7,7,7,7,7,7,4,7,7,1,7,1,4,3,2,6,1,3,3,2,1,3,4,2,4,3,3,3,4,3,1,3,3,3,4,2,3,3,4,2,3,3,4,3,1,2,1,3,4,3,5,2,2,3,4,3,1,3,3,3,4,2,4,3,4,3,4,3,4,3,4,4,2,4,4,4,4,5,4,5,4,4,4,5,3,4,4,5,4,4,4,4,1,4,4,4,4,4,4,4,4,4,4,4,1,4,4,4,4,4,4,4,4,4,4,4,4,4,4,4,4,4,4,4
108,"31",3,5,2,4,3,4,4,7,3,4,2,4,2,4,2,6,4,3,3,4,4,4,4,6,3,5,4,5,3,4,3,3,3,4,5,2,2,3,3,2,4,5,3,4,3,4,3,2,1,4,3,1,2,2,2,3,3,3,5,5,3,5,3,5,1,3,1,4,4,4,3,4,4,4,3,2,3,4,3,4,4,4,3,3,3,3,4,2,5,2,2,3,3,2,5,5,3,4,3,5,3,3,3,4,5,2,4,3,3,4,5,1,3,5,3,4,4,5,4,2,3,2,3,3
109,"35",7,7,6,5,6,6,4,7,3,2,1,2,1,2,2,6,1,1,2,3,2,2,7,7,6,6,6,6,1,1,3,3,1,1,1,1,2,2,2,2,7,7,5,5,7,7,2,1,1,1,1,2,1,1,2,2,2,2,6,6,5,6,7,6,2,2,4,4,2,2,1,1,2,3,1,1,6,5,5,5,5,6,2,3,3,4,2,2,2,2,3,3,2,3,7,7,6,6,2,2,1,2,1,2,3,3,2,3,1,3,2,2,7,7,6,6,6,6,1,1,3,3,2,2
110,"43",7,7,7,7,7,7,4,7,1,1,7,4,1,1,2,6,3,3,4,2,3,3,7,7,7,7,7,7,2,6,5,3,1,1,1,1,4,3,1,1,7,7,7,7,7,7,1,1,2,2,3,3,1,1,3,3,1,1,7,7,7,7,7,7,3,3,4,4,3,3,7,2,4,4,7,4,7,7,7,7,7,7,1,1,3,5,1,1,1,1,1,1,1,1,7,7,7,7,7,7,1,1,1,1,3,3,1,1,1,1,1,1,7,7,7,7,5,5,3,4,3,3,1,1
111,"55",6,6,5,7,5,6,4,7,4,2,5,2,2,2,2,6,1,5,1,2,1,2,1,5,1,4,1,5,1,2,1,3,1,2,1,1,1,2,1,1,1,6,1,5,1,6,1,2,1,4,1,3,3,2,2,2,3,2,3,5,3,5,3,5,3,3,3,4,3,4,1,2,1,1,1,2,1,5,1,5,1,5,2,2,1,3,1,3,5,2,5,3,5,2,5,6,4,5,5,6,5,3,5,2,5,3,4,2,4,2,4,2,4,5,4,5,4,6,4,2,4,3,4,2
112,"57",3,5,4,5,3,5,4,7,1,2,2,2,1,4,2,6,1,1,3,2,5,3,6,6,5,5,6,6,1,1,4,2,5,1,1,1,5,2,7,1,6,7,5,5,6,6,6,2,1,2,2,3,2,2,1,1,4,2,6,7,5,5,6,6,3,3,3,3,2,3,7,1,4,6,7,1,6,6,4,5,5,5,5,1,3,3,4,2,5,3,2,2,6,1,7,7,4,5,6,6,1,1,5,2,1,2,7,1,5,2,2,1,7,7,4,5,6,6,7,1,3,3,1,1
113,"39",7,7,7,7,6,7,4,7,2,1,4,1,4,1,2,6,3,3,4,3,4,3,7,7,5,5,7,7,1,1,4,3,1,1,2,1,5,3,4,1,7,7,7,7,7,7,3,2,3,3,4,3,2,2,4,4,3,3,7,7,7,5,7,7,4,3,5,4,4,3,1,1,3,3,3,2,7,7,4,4,7,7,1,1,1,1,2,2,1,1,4,3,2,2,7,7,6,7,7,7,1,1,3,3,5,2,3,3,3,3,4,3,7,7,4,4,7,6,1,1,3,3,4,1
114,"56",7,7,7,7,7,7,4,7,1,1,1,4,1,1,2,6,1,1,1,1,1,1,7,7,7,7,7,7,1,1,1,1,1,1,1,1,1,1,1,1,7,7,7,7,7,7,1,1,1,1,1,1,1,1,1,1,1,1,7,7,7,7,7,7,1,1,1,1,1,2,1,1,1,1,1,1,7,7,7,7,7,7,1,1,1,1,1,1,1,1,1,1,1,1,7,7,7,7,7,7,1,1,1,2,1,1,1,1,1,1,1,1,7,7,7,7,7,7,1,1,1,1,1,1
115,"69",5,7,6,7,5,6,4,7,5,1,3,3,6,1,2,6,4,5,6,4,6,2,4,6,6,6,7,7,7,1,7,1,6,2,6,5,5,5,6,3,5,6,4,5,6,6,6,1,3,3,6,1,4,3,4,4,5,5,7,7,4,6,6,6,6,2,1,4,2,4,6,2,6,5,5,5,6,7,6,6,7,7,7,1,5,2,5,2,5,5,4,4,6,5,7,7,6,6,5,6,7,1,5,2,6,1,6,1,4,5,5,5,7,7,6,6,6,6,7,1,3,2,6,1
116,"59",1,4,1,4,1,4,4,7,1,4,1,4,1,4,2,6,1,4,1,4,1,4,1,4,1,4,1,4,1,4,1,4,1,4,1,3,1,4,1,1,1,4,1,4,1,4,1,4,1,4,1,4,1,4,1,4,1,4,1,4,1,4,1,4,1,4,1,4,1,4,1,4,1,4,1,4,1,4,1,4,1,4,1,4,1,4,1,4,1,4,1,4,1,4,1,4,1,4,1,4,1,3,1,4,1,4,1,4,1,2,1,4,1,4,1,4,1,4,1,4,1,4,1,4
117,"58",1,4,1,5,1,5,4,7,1,3,1,3,1,4,2,6,1,1,1,2,1,1,5,6,4,5,4,6,1,1,1,1,1,1,1,1,1,1,1,1,1,4,1,3,1,3,1,1,1,1,1,1,1,1,1,1,1,1,1,5,1,5,1,5,1,1,1,3,1,3,2,2,1,3,1,2,3,6,3,5,3,5,1,2,1,3,1,3,3,5,2,3,3,4,3,7,4,6,4,5,1,2,1,3,1,2,1,3,3,4,3,5,5,6,3,5,4,6,1,1,2,3,2,3
118,"30",5,6,5,6,5,6,4,7,5,2,5,2,5,2,2,6,4,4,4,4,5,4,5,6,4,5,5,5,5,1,1,4,5,1,4,3,4,4,4,3,5,5,5,5,5,5,4,3,4,4,3,2,5,2,5,2,5,3,5,3,6,2,5,3,4,4,4,4,4,4,2,4,4,3,4,3,4,4,4,5,4,5,6,1,4,3,4,4,5,2,6,2,5,2,5,6,4,5,4,5,5,2,5,2,5,3,5,3,4,4,5,3,5,6,5,5,5,6,5,2,4,4,4,4
119,"40",7,6,7,7,7,5,4,7,7,5,6,6,7,6,2,6,7,6,7,6,7,7,7,6,7,7,7,6,7,7,7,7,7,7,7,6,7,7,6,6,7,7,7,6,7,7,7,6,7,6,6,2,6,6,6,6,7,7,7,6,7,7,7,7,7,6,7,6,7,6,4,6,6,5,7,6,7,6,6,2,7,6,7,7,6,5,6,5,6,5,7,7,7,6,7,7,6,6,7,7,7,7,7,6,7,6,6,6,6,6,2,2,7,7,7,7,7,7,7,6,7,6,7,6
120,"51",6,6,4,5,4,5,4,7,5,3,5,3,5,3,2,6,4,2,4,3,5,2,6,6,5,5,5,6,6,2,5,2,5,2,6,1,5,3,6,2,6,6,6,6,6,6,5,2,4,4,5,3,4,3,5,2,5,4,7,7,5,5,7,7,5,3,4,4,5,3,6,2,5,2,5,3,6,6,6,6,6,6,5,3,5,3,6,1,6,1,5,3,6,1,6,6,6,6,6,7,5,2,6,2,5,3,6,2,4,4,5,3,6,7,5,5,5,5,6,2,5,3,6,2
121,"41",7,7,6,7,7,1,4,7,7,2,7,2,6,1,2,6,6,2,5,3,4,2,5,7,7,6,5,6,6,1,3,3,7,7,4,6,4,3,5,1,5,7,4,4,5,6,7,1,5,5,7,1,6,1,6,2,6,3,6,6,5,5,7,7,5,3,5,3,4,5,5,1,3,4,4,3,6,6,5,6,5,6,7,1,5,2,4,4,7,1,5,2,4,4,7,7,7,7,4,4,6,2,4,5,5,2,7,1,4,3,4,4,7,7,5,6,4,3,7,1,6,2,6,2
122,"30",6,7,7,7,7,7,4,7,4,1,7,3,7,7,2,6,6,6,7,5,7,7,7,7,6,6,7,6,5,5,6,5,6,5,6,6,6,6,6,6,7,5,5,6,5,6,6,5,7,5,7,7,6,6,7,6,6,4,6,5,6,6,5,7,6,7,6,5,5,6,5,7,6,7,6,7,6,6,6,5,5,5,7,6,6,5,7,7,6,6,6,5,5,5,6,6,5,6,6,7,5,4,7,6,7,7,6,5,6,6,5,7,6,6,5,5,7,6,6,5,6,6,6,6
123,"30",7,7,7,7,7,7,4,7,3,6,4,6,4,7,2,6,1,1,6,7,3,2,3,5,6,7,7,7,1,1,1,1,4,3,4,1,2,1,4,1,3,6,6,6,7,7,4,2,2,2,3,1,4,2,3,1,3,1,7,7,6,6,7,7,3,4,2,4,4,2,3,2,1,1,5,3,7,6,3,5,7,7,3,1,1,1,4,7,4,2,4,3,1,1,7,7,7,6,7,7,3,1,4,3,4,2,4,1,5,3,2,2,7,7,7,7,7,7,1,1,4,3,4,2
124,"68",6,6,6,6,5,5,4,7,6,6,5,5,2,6,2,6,3,3,4,3,4,3,3,3,4,3,4,3,4,3,4,3,4,3,5,2,5,2,5,2,5,2,5,2,5,2,5,2,5,2,5,2,4,3,4,3,4,3,4,3,4,3,4,3,4,3,4,3,4,3,4,4,4,4,4,4,4,4,4,4,4,4,4,4,4,4,4,4,4,4,4,4,2,4,4,4,4,4,4,4,4,4,4,4,4,4,4,4,4,4,4,4,4,4,4,4,2,3,4,4,4,4,4,4
125,"42",5,5,5,5,5,5,4,7,5,5,5,5,5,5,2,6,5,5,5,5,5,5,5,5,5,5,5,5,5,5,5,5,5,5,5,5,5,5,5,5,5,5,5,5,5,5,5,5,5,5,5,5,5,5,5,5,5,5,5,5,5,5,5,5,5,5,5,5,5,5,5,5,5,5,5,5,4,5,5,5,5,5,5,5,5,5,5,5,5,5,5,5,5,5,5,5,4,5,5,5,4,5,5,5,5,5,4,5,5,5,5,5,5,5,5,5,4,5,5,5,5,5,5,5
126,"47",4,4,4,4,4,4,4,7,4,4,4,4,4,4,2,6,4,4,4,4,4,4,4,4,4,4,4,4,4,4,4,4,4,4,4,4,4,4,4,4,4,4,4,4,4,4,4,4,4,4,4,4,4,4,4,4,4,4,4,4,4,4,4,4,4,4,4,4,4,4,4,4,4,4,4,4,4,4,4,4,4,4,4,4,4,4,4,4,4,4,4,4,4,4,4,4,4,4,4,4,4,4,4,4,4,4,4,4,4,4,4,4,4,4,4,4,4,4,4,4,4,4,4,4
127,"25",7,7,7,7,7,6,4,7,7,7,7,6,7,7,2,6,7,6,7,6,7,7,7,7,7,7,7,7,7,7,2,2,7,6,7,7,7,7,5,4,7,7,7,6,7,7,7,6,7,7,7,7,7,6,7,7,7,6,7,7,7,7,7,7,2,7,7,7,7,7,1,2,7,7,3,6,7,7,6,7,7,7,7,6,7,7,7,7,7,6,4,4,3,3,7,7,7,7,7,7,7,7,7,7,7,7,7,7,7,7,7,7,7,7,7,7,6,2,7,7,7,6,7,7
128,"30",7,7,7,7,7,7,4,7,7,7,7,7,7,7,2,6,7,7,7,7,7,7,7,7,7,7,7,7,7,7,7,7,7,7,7,7,7,7,7,7,7,7,7,7,7,7,7,7,7,7,7,7,7,7,7,7,7,7,7,7,7,7,7,7,7,7,7,7,7,7,7,7,7,7,7,7,7,7,7,7,7,7,7,7,7,7,7,7,7,7,7,7,7,7,7,7,7,7,7,7,7,7,7,7,7,7,7,7,7,7,7,7,7,7,7,7,7,7,7,7,7,7,7,7
129,"35",3,4,3,5,4,4,4,7,4,4,4,4,3,6,2,6,2,4,2,4,3,4,4,5,3,4,3,5,5,4,4,4,3,4,4,4,3,4,4,4,3,5,3,6,5,4,4,4,4,4,3,5,6,4,3,4,2,6,5,3,2,4,3,4,3,4,4,4,3,4,4,5,3,4,4,3,3,4,3,5,3,4,3,4,3,3,4,4,4,4,4,5,3,6,4,5,2,5,4,3,4,4,4,3,3,5,3,5,3,6,4,5,4,4,3,4,4,4,2,4,4,4,3,4
130,"42",4,4,4,4,4,4,4,7,4,4,4,4,4,4,2,6,4,4,4,4,4,4,4,4,4,4,4,4,4,4,4,4,4,4,4,4,4,4,4,4,4,4,4,4,4,4,4,4,4,4,4,4,4,4,5,4,4,4,4,4,4,4,4,4,4,4,4,4,4,4,4,4,4,4,4,4,4,4,4,4,4,4,4,4,4,4,4,4,4,4,4,4,4,4,4,4,4,4,4,4,4,4,4,4,4,4,4,4,4,4,4,4,4,4,4,4,4,4,3,3,4,4,4,4
131,"40",7,7,7,7,7,7,4,7,7,1,7,1,7,1,2,6,1,4,3,4,1,3,5,5,4,5,1,5,4,4,1,4,5,4,5,1,2,2,2,4,1,4,1,4,4,5,1,4,3,4,1,4,3,3,4,4,4,4,4,5,4,5,4,5,2,3,5,3,2,3,1,3,1,2,1,1,5,6,3,4,3,4,1,4,1,4,1,4,7,1,3,4,3,4,4,5,5,7,4,6,3,4,4,5,3,4,7,3,3,4,3,4,4,6,3,5,5,6,4,4,4,4,6,3
132,"41",7,6,7,6,7,6,4,7,7,2,7,2,7,3,2,6,7,2,7,3,7,2,7,7,7,5,7,6,7,2,7,3,7,1,7,1,7,2,7,1,7,5,7,5,7,6,7,1,7,3,7,3,7,2,7,3,1,1,7,6,7,5,7,6,7,3,7,4,7,3,7,3,7,3,7,2,7,7,7,5,7,5,7,3,7,3,7,3,7,1,7,2,7,1,7,7,7,5,7,6,7,2,7,2,7,2,7,1,7,2,7,1,7,7,7,5,7,6,7,2,7,3,7,3
133,"27",7,7,7,7,7,7,4,7,1,1,1,1,1,7,2,6,1,1,1,1,1,1,7,7,7,7,7,7,1,1,1,1,1,1,1,1,1,1,1,1,7,7,7,7,7,7,1,1,3,3,1,1,1,1,1,1,1,1,7,7,7,7,7,7,1,1,4,4,1,1,1,1,1,1,1,1,7,7,7,7,7,7,1,1,1,1,1,1,1,1,1,1,1,1,7,7,7,7,7,7,1,1,1,1,1,1,1,1,1,1,1,1,7,7,7,7,7,7,1,1,1,1,1,1
134,"46",3,4,1,4,1,5,4,7,1,4,1,4,1,3,2,6,1,4,1,4,1,4,1,4,1,4,1,4,1,4,1,4,1,4,1,4,1,4,1,4,1,4,1,5,1,4,1,4,1,4,1,4,1,4,1,4,2,3,2,5,1,4,1,4,1,4,2,4,2,4,1,4,1,4,1,4,1,4,1,4,1,4,1,3,1,4,1,4,1,4,3,4,1,4,1,4,1,4,1,4,2,3,2,3,1,4,1,4,1,4,1,4,3,5,1,4,3,5,1,4,2,3,1,4
135,"21",4,5,5,5,4,4,4,7,2,6,1,1,1,1,2,6,4,4,5,4,4,4,5,4,5,5,5,4,4,4,4,4,5,5,5,5,3,6,3,4,4,5,4,4,5,4,5,4,4,4,5,4,4,4,4,5,1,2,4,5,5,5,5,6,5,5,5,4,4,4,4,4,5,5,4,4,3,3,4,3,5,4,3,6,5,5,5,4,5,4,3,6,5,4,5,3,2,6,4,5,5,6,5,4,4,5,2,4,4,4,4,4,4,4,5,5,5,5,4,4,4,5,4,5
136,"48",6,7,6,6,5,7,4,7,6,7,6,6,6,4,2,6,1,5,6,6,5,6,1,5,6,5,5,5,5,6,3,6,1,6,1,6,1,6,1,6,6,6,6,6,1,4,5,5,4,6,2,6,2,6,5,5,1,5,6,6,7,6,6,4,1,6,6,5,5,6,1,3,1,6,1,6,6,6,7,6,6,5,3,6,6,6,1,6,1,5,6,6,1,5,6,6,6,6,7,6,1,6,5,6,1,6,1,5,1,6,1,5,6,6,6,6,6,7,1,5,6,5,4,6
137,"36",1,6,1,7,1,6,4,7,1,2,1,3,2,3,2,6,1,2,1,3,1,3,1,6,1,5,1,4,1,2,1,3,1,2,1,3,1,3,1,1,1,6,1,3,1,5,1,2,1,3,1,4,1,1,1,3,1,2,1,7,1,4,1,6,1,3,1,3,1,3,1,2,1,3,1,2,1,3,1,4,1,3,1,2,1,3,1,3,1,4,1,3,1,3,1,5,1,5,1,6,1,3,1,3,1,2,1,2,1,3,1,3,2,5,1,5,1,6,1,3,1,3,1,3
138,"36",6,6,6,6,6,6,4,7,2,2,3,3,2,2,2,6,1,1,3,3,2,2,6,6,5,6,5,5,1,1,2,2,2,2,1,1,3,3,2,2,7,7,6,6,6,6,2,2,3,3,2,2,2,2,3,3,3,3,7,7,5,5,6,6,3,3,4,4,3,3,2,2,3,3,2,2,6,6,5,5,5,5,2,2,3,3,2,2,2,2,3,3,2,2,7,7,6,6,6,6,2,2,1,1,3,3,2,2,3,3,3,3,7,7,6,6,6,6,1,1,2,2,1,1
139,"30",7,7,5,3,5,6,4,7,6,6,7,7,6,7,2,6,7,5,6,7,6,5,5,7,6,4,7,6,6,3,6,6,6,4,6,6,6,5,5,4,5,5,4,5,6,6,6,6,6,5,6,4,5,6,6,7,6,7,6,7,7,6,6,6,4,5,6,6,5,5,5,6,6,6,6,4,5,6,6,5,7,4,7,7,6,6,6,6,6,7,7,6,7,6,7,6,6,6,5,4,5,3,6,4,7,6,5,6,5,4,5,4,6,7,5,6,6,5,7,6,5,3,6,4
140,"56",7,7,7,7,7,7,4,7,2,1,1,1,1,1,2,6,4,2,1,4,3,2,4,4,5,5,4,6,5,4,2,2,4,3,4,2,3,3,1,1,6,6,6,5,5,5,2,2,2,3,3,3,4,3,4,3,3,3,6,6,5,5,4,5,5,3,4,4,4,4,2,1,3,3,2,2,6,6,6,5,5,4,5,4,4,3,3,2,3,3,3,2,3,3,7,7,5,6,7,7,4,4,4,4,3,3,3,2,3,3,3,3,5,6,4,5,7,6,5,4,4,3,3,2
141,"30",7,7,7,7,7,7,4,7,7,7,7,7,7,7,2,6,7,7,7,7,7,7,7,7,7,7,7,7,7,7,7,7,7,7,7,7,7,7,7,7,7,7,7,7,7,7,7,7,7,7,7,7,7,7,7,7,7,7,7,7,7,7,7,7,7,7,7,7,7,7,7,7,7,7,7,7,7,7,7,7,7,7,7,7,7,7,7,7,7,7,7,7,7,7,7,7,7,7,7,7,7,7,7,7,7,7,7,7,7,7,7,7,7,7,7,7,7,7,7,7,7,7,7,7
142,"49",4,4,3,4,4,4,4,7,2,4,3,4,3,4,2,6,2,3,4,4,4,4,3,5,3,4,5,5,2,4,3,4,3,4,5,3,3,3,4,3,3,5,3,3,4,4,3,4,2,4,3,4,3,5,4,4,5,6,4,4,3,5,5,6,5,5,2,4,3,5,4,3,3,4,4,3,2,4,3,4,3,4,4,3,4,5,3,4,5,3,3,4,4,3,3,4,3,4,4,4,3,4,4,3,3,3,4,3,2,4,4,4,4,5,4,5,4,5,5,3,2,4,3,4
143,"25",2,4,2,4,2,4,4,4,2,4,1,4,2,4,2,4,1,4,1,4,1,4,1,4,1,4,1,4,1,4,1,4,1,4,1,3,1,4,1,4,1,4,1,3,1,4,1,4,1,4,1,4,1,4,1,4,1,4,1,4,1,4,1,4,1,4,1,4,1,4,2,4,2,4,1,4,1,4,1,4,1,4,1,4,1,4,1,4,2,4,2,4,1,4,2,4,1,4,2,4,2,4,2,4,2,5,1,4,1,4,1,4,1,4,1,4,1,4,2,4,1,4,1,4
144,"20",7,7,5,6,6,7,4,7,2,1,4,2,3,2,2,6,3,2,4,2,5,2,5,1,5,7,4,7,3,2,5,2,3,3,3,3,3,2,4,2,4,6,3,3,4,2,3,2,4,3,4,2,3,1,4,3,3,3,3,7,4,6,4,6,3,1,4,4,3,3,4,2,4,2,4,1,2,6,4,6,4,7,2,1,4,2,5,3,4,1,6,6,4,2,4,7,5,6,3,4,3,2,3,2,1,2,4,1,5,3,6,3,4,7,2,7,6,7,3,1,4,2,4,1
145,"25",5,5,7,5,5,5,4,7,4,4,1,1,7,5,2,6,1,2,3,6,4,3,7,3,7,4,2,2,7,2,1,3,6,3,5,7,4,2,6,4,2,7,7,5,2,5,5,4,1,2,1,4,6,6,6,1,3,2,3,3,5,5,4,3,2,3,2,1,4,4,3,7,1,2,3,7,6,7,4,3,5,6,4,1,7,2,7,5,1,1,3,3,2,2,7,6,2,3,3,2,1,1,7,3,7,6,5,2,3,6,3,5,5,5,3,4,6,5,4,1,3,4,4,3
146,"30",6,6,7,7,7,7,4,7,7,7,7,7,7,7,2,6,5,7,7,7,7,6,7,7,7,7,7,7,6,7,7,6,7,2,7,7,7,7,7,7,7,7,7,7,7,7,7,7,7,7,7,7,7,7,7,7,7,7,7,7,7,7,7,7,7,7,7,7,7,7,7,7,7,7,7,7,7,7,7,7,7,7,7,7,7,6,3,5,7,7,7,7,7,7,7,7,7,7,7,7,7,7,7,7,7,7,4,7,7,7,7,7,7,7,7,7,7,7,7,7,7,7,7,7
147,"24",7,7,6,5,7,7,4,7,3,1,4,3,1,1,2,6,2,4,1,4,1,3,1,5,5,5,1,7,1,3,1,4,2,4,2,2,2,3,1,1,2,6,5,4,2,5,1,3,1,2,1,3,3,4,1,3,1,2,3,6,2,5,4,4,1,3,1,4,1,3,2,4,3,2,1,4,3,5,1,5,1,4,1,2,1,2,2,2,1,2,2,1,1,3,1,5,2,2,1,5,2,2,4,2,1,3,1,4,2,4,1,4,2,4,2,5,1,5,1,3,1,3,1,3
148,"57",1,7,1,7,1,7,4,7,1,7,1,7,1,7,2,6,1,1,1,4,1,1,1,7,1,7,1,6,1,1,1,3,1,2,1,1,1,1,1,1,1,6,1,7,1,7,1,2,1,4,1,1,1,1,1,2,1,1,1,7,1,6,1,7,1,3,1,4,1,3,4,1,3,3,4,1,7,7,7,6,7,7,4,2,4,4,4,3,1,1,1,2,1,2,1,4,1,7,1,7,1,3,1,2,1,2,1,1,1,1,1,1,1,7,1,7,1,7,1,1,1,3,1,3
149,"38",1,4,3,4,1,4,4,7,1,4,1,4,2,4,2,6,1,4,1,4,1,4,1,4,1,4,1,4,1,4,1,4,1,4,1,4,1,4,1,4,1,4,1,4,1,4,1,4,1,4,1,4,1,4,1,4,1,4,4,4,1,4,2,4,1,4,1,4,1,4,1,4,1,4,1,4,1,4,2,4,1,4,1,4,1,4,1,4,1,4,1,4,1,4,1,4,1,4,1,4,1,4,1,4,1,4,4,4,1,4,1,4,4,4,1,4,1,4,2,4,1,4,1,4
150,"50",6,7,6,7,5,7,4,7,4,4,5,2,4,4,2,6,6,4,4,4,4,4,5,7,5,6,3,6,4,3,5,3,6,4,5,1,4,1,6,2,4,4,4,5,5,6,4,3,4,4,4,3,7,2,4,3,5,3,4,6,4,5,4,6,5,4,4,3,4,3,7,5,5,2,5,2,4,5,3,4,4,4,4,3,5,4,4,3,5,2,5,3,4,2,6,7,6,6,6,7,6,3,6,3,5,3,5,3,6,3,5,3,5,6,5,6,5,6,5,3,4,4,5,2
151,"40",3,6,5,6,4,5,4,7,2,2,2,3,2,3,2,6,1,4,1,4,1,4,2,3,2,4,2,3,1,4,1,4,1,4,1,4,1,4,1,4,2,3,2,3,2,3,1,4,1,4,1,4,1,3,1,4,1,4,2,3,2,3,2,3,1,4,1,4,1,4,1,4,1,4,1,4,2,3,2,3,1,3,1,4,1,4,1,4,1,4,1,4,1,4,1,3,2,3,2,4,1,4,1,4,1,4,1,4,1,4,1,4,2,3,2,3,2,3,2,3,1,4,1,4
152,"38",4,4,4,5,4,4,4,7,2,2,4,2,4,3,2,6,5,2,4,3,3,2,5,6,4,5,4,5,3,2,5,2,5,3,6,1,3,3,3,2,4,6,5,5,5,6,5,2,2,3,6,2,5,1,4,2,6,2,6,7,3,5,4,6,3,3,2,2,2,3,5,2,4,2,5,2,5,6,4,5,5,5,5,2,3,3,3,3,6,2,5,2,4,2,6,7,3,5,5,6,3,2,5,2,5,2,7,1,5,3,6,2,6,6,4,5,5,6,3,1,3,3,3,2
153,"57",5,5,5,5,5,5,4,7,4,4,4,4,4,4,2,6,3,3,4,4,3,3,4,5,5,5,2,4,3,3,3,3,3,3,3,3,3,4,3,3,4,5,4,5,4,5,3,3,4,4,2,3,4,3,4,4,3,3,4,5,4,4,5,5,3,3,4,4,4,4,3,3,4,4,4,3,4,5,5,5,5,5,3,2,4,4,4,5,3,3,4,4,4,4,5,6,4,4,5,5,2,3,4,4,3,3,4,4,4,4,3,3,5,5,5,5,5,5,4,4,4,4,2,3
154,"25",7,6,7,7,6,7,4,7,7,6,6,7,6,7,2,6,7,6,7,4,7,5,7,4,7,6,7,7,6,7,7,7,6,7,7,6,7,6,7,7,6,7,7,6,6,7,7,6,6,7,5,6,7,6,7,7,7,7,7,7,7,7,7,7,7,6,6,7,6,7,7,7,5,7,7,7,6,7,6,7,7,5,6,7,7,7,7,5,7,7,7,6,7,6,7,6,7,7,7,6,7,7,7,7,6,7,7,6,7,6,6,7,7,7,6,7,6,6,7,7,7,6,7,6
155,"20",2,5,4,5,5,5,4,7,3,3,2,2,3,3,2,6,3,2,2,3,1,2,6,7,3,5,5,6,3,2,4,3,5,2,5,1,4,3,4,4,5,6,2,3,2,4,2,1,3,1,1,1,3,2,3,3,2,1,3,2,6,7,7,7,2,2,2,4,2,2,4,2,2,2,3,3,3,4,2,2,4,3,5,2,3,3,3,2,3,2,3,3,1,1,3,3,5,6,5,6,5,3,3,3,2,3,4,4,5,1,1,2,4,6,6,6,4,5,4,1,4,2,4,3
156,"58",7,7,6,6,7,6,4,7,7,1,4,2,5,2,2,6,3,4,4,4,5,3,6,6,5,5,5,5,7,3,3,3,5,2,7,1,7,1,6,1,6,7,4,5,6,6,7,1,2,3,5,2,7,2,7,2,7,1,7,7,4,5,7,7,1,2,4,4,1,3,1,1,6,2,3,2,7,7,6,5,6,6,7,1,6,3,6,2,7,2,7,3,7,3,7,7,6,6,5,6,5,2,7,3,5,2,7,2,4,3,4,2,5,5,5,5,6,6,2,2,6,3,5,2
157,"50",7,7,6,6,5,5,4,7,1,1,1,1,1,1,2,6,1,2,2,3,2,3,6,6,5,5,4,5,1,4,3,5,1,3,1,1,1,2,1,1,4,6,5,6,5,6,1,3,3,4,1,3,1,1,1,3,1,2,7,7,4,5,7,7,3,3,3,4,2,3,1,1,2,3,1,2,7,7,4,5,4,5,1,3,1,3,1,3,1,1,2,3,1,3,5,6,7,7,6,6,2,3,1,2,1,3,1,2,2,3,1,2,7,7,4,6,5,6,1,4,2,3,1,3
158,"23",1,4,1,4,1,4,4,7,1,4,1,4,1,4,2,6,1,4,1,4,1,4,1,4,1,4,1,4,1,4,1,4,1,4,1,4,1,4,1,4,1,4,1,4,1,4,1,4,1,4,1,4,1,4,1,4,1,4,1,4,1,4,1,4,1,4,1,4,1,4,1,4,1,4,1,4,1,4,1,4,1,4,1,4,1,4,1,4,1,4,1,4,1,4,1,4,1,4,1,4,1,4,1,4,1,4,1,4,1,4,1,4,1,4,1,4,1,4,1,4,1,4,1,4
159,"27",5,7,5,7,4,6,4,7,1,1,4,2,3,1,2,6,1,1,2,3,4,3,1,6,1,4,3,6,1,2,1,1,6,1,4,1,1,1,2,1,2,5,1,5,1,5,1,1,2,2,1,2,1,2,1,4,1,2,3,6,1,5,1,4,2,2,1,3,1,2,1,1,1,1,1,4,1,4,1,4,1,4,1,3,1,3,3,4,1,1,1,1,1,3,2,6,1,5,3,5,1,3,1,2,2,3,2,2,1,1,1,2,3,6,2,5,1,5,2,3,1,1,1,1
160,"30",7,7,1,1,7,7,4,7,7,7,5,5,7,7,2,6,2,2,3,3,3,3,4,4,2,2,7,7,3,3,1,1,5,5,5,5,1,1,1,1,7,7,1,1,7,7,1,1,1,1,1,1,1,1,1,1,4,4,7,7,4,4,7,7,1,1,5,5,1,1,2,2,6,6,4,4,7,7,7,7,7,7,1,1,1,1,1,1,1,1,4,4,2,2,7,7,7,7,7,7,1,1,1,1,1,1,1,1,1,1,1,1,7,7,7,7,7,7,1,1,2,2,1,1
161,"38",7,7,6,7,7,7,4,7,2,2,2,2,2,2,2,6,1,1,2,2,2,2,7,7,6,6,7,7,1,1,2,2,1,1,1,1,1,1,1,1,7,7,7,7,7,7,1,1,1,1,2,2,1,1,2,2,1,1,7,7,6,6,7,7,2,3,2,2,4,3,1,1,1,1,1,1,7,7,5,6,7,7,1,1,2,2,2,2,1,1,2,2,1,1,7,7,7,7,7,7,1,1,1,1,1,1,1,1,1,1,1,1,7,7,7,7,7,7,1,1,4,3,2,2
162,"45",6,6,5,6,6,6,4,7,7,1,5,3,5,3,2,6,5,3,5,3,5,4,5,5,6,5,5,6,6,2,6,3,6,2,6,3,5,3,6,2,7,7,6,6,6,5,5,3,2,4,5,3,5,4,4,4,6,3,7,7,5,5,6,6,5,3,1,4,1,4,7,1,4,4,5,3,6,5,6,6,5,6,5,2,4,3,5,3,7,3,4,4,5,3,7,7,5,5,5,5,7,1,5,2,5,3,5,2,1,4,4,3,7,7,6,6,6,6,5,2,4,4,5,3
163,"48",7,7,7,7,7,7,4,7,1,1,1,4,4,4,2,6,1,1,1,2,1,1,5,6,4,4,4,5,1,1,1,1,1,1,1,1,1,1,1,1,7,7,5,6,6,6,1,1,2,2,1,2,1,1,1,1,2,2,5,5,4,5,2,4,2,2,1,2,2,2,1,1,3,4,1,2,6,7,5,6,6,6,1,1,1,2,1,1,1,1,1,2,1,1,6,6,6,6,6,7,1,1,1,1,1,2,1,1,2,2,1,2,6,7,5,5,2,3,2,2,3,4,1,1
164,"45",5,6,5,5,6,6,4,7,6,2,2,1,3,3,2,6,5,1,5,1,6,3,6,6,7,7,7,7,4,2,4,2,4,3,2,2,4,2,6,6,7,7,7,7,6,7,3,3,5,4,5,3,5,1,6,3,5,5,7,7,5,6,7,7,6,2,6,5,5,2,5,3,6,2,1,1,6,3,7,7,6,6,2,1,4,3,3,2,1,1,3,3,2,2,7,7,5,5,7,7,3,3,2,1,2,2,6,3,4,2,2,2,7,6,7,7,7,7,3,3,6,6,4,2
165,"47",7,7,7,7,7,7,4,7,7,1,5,1,6,1,2,6,3,3,4,5,4,3,7,7,4,4,6,5,6,3,5,3,3,3,5,2,5,3,6,1,7,7,5,5,6,7,3,3,4,3,1,2,3,2,4,4,3,2,7,7,6,6,7,7,4,4,4,4,4,3,3,3,3,3,5,2,7,7,5,5,6,6,5,3,4,3,3,3,3,2,1,4,5,3,7,7,5,5,6,6,5,3,4,3,4,3,3,2,5,3,5,3,7,7,6,5,6,7,5,3,4,4,2,2
166,"50",1,4,1,6,4,4,4,7,1,2,1,4,1,2,2,6,1,1,1,1,1,3,3,6,4,5,1,6,1,2,1,2,1,2,1,1,1,2,1,1,1,6,4,5,4,6,1,1,1,2,1,2,1,1,1,2,1,2,1,6,1,6,1,6,1,2,1,3,1,2,1,2,1,2,1,2,5,6,1,6,1,6,1,2,1,2,1,2,1,1,1,2,1,2,4,6,4,6,4,7,1,2,1,2,1,1,1,2,1,2,1,2,4,6,3,6,4,6,1,1,1,2,1,1
167,"30",1,5,1,4,1,6,4,7,1,3,1,3,1,3,2,6,1,3,1,3,1,3,1,6,1,5,1,5,1,3,1,3,1,3,1,2,1,3,1,3,1,7,1,5,1,5,1,2,1,3,1,2,1,2,1,3,1,4,1,6,1,5,1,6,1,3,1,4,1,3,1,4,1,3,1,4,1,5,1,5,1,5,1,3,1,3,1,4,1,4,1,4,1,4,1,7,1,5,1,6,1,3,1,3,1,3,1,3,1,4,1,3,1,7,1,5,1,6,1,2,1,3,1,2
168,"25",7,7,7,7,7,7,4,7,7,6,1,1,1,1,2,6,1,1,1,1,1,1,7,7,5,4,7,7,1,1,1,1,1,1,1,1,1,1,1,1,5,6,5,4,7,7,1,1,1,1,1,1,1,1,1,1,1,1,5,6,4,4,6,6,1,1,1,1,1,1,1,1,1,1,1,1,7,7,4,5,7,7,1,1,1,1,1,1,1,1,6,6,1,1,7,7,7,7,7,7,1,1,1,1,1,1,1,1,1,1,1,1,7,7,5,5,7,7,1,1,1,1,1,1
169,"34",3,6,4,7,4,5,4,7,2,6,4,1,3,6,2,6,1,1,1,4,1,2,1,5,1,1,1,3,1,1,1,2,1,1,1,1,1,1,1,1,1,4,1,2,2,5,1,1,1,4,1,1,1,1,1,1,1,1,1,5,1,3,2,5,1,1,1,1,1,4,1,1,1,4,1,2,1,4,1,3,1,5,1,1,1,2,1,1,1,1,1,4,1,1,1,5,1,4,2,5,1,1,1,1,1,2,1,1,1,1,1,1,2,6,1,5,1,5,1,1,1,1,1,1
170,"54",3,6,2,6,2,5,4,7,2,2,2,3,2,3,2,6,2,3,2,3,2,3,2,5,2,5,2,5,2,3,2,3,2,3,2,2,2,4,2,3,2,5,2,5,2,6,2,2,2,4,2,3,2,3,2,3,1,4,2,5,2,5,2,5,2,3,2,4,2,3,2,4,2,3,2,3,2,5,2,5,2,5,2,3,2,3,2,3,2,2,2,3,2,3,2,6,2,5,2,5,2,3,2,3,2,3,2,3,2,3,2,3,2,5,2,5,2,5,2,3,1,3,2,2
171,"47",7,7,7,7,7,7,4,7,1,1,1,1,1,1,2,6,1,1,1,1,1,1,6,6,4,5,6,6,1,1,1,1,1,1,1,1,1,1,1,1,7,7,6,6,6,6,1,1,1,1,1,1,1,1,1,1,1,1,6,6,6,6,6,6,1,1,1,1,1,1,1,1,1,1,1,1,6,6,5,5,6,6,1,1,1,1,1,1,1,1,1,1,1,1,7,7,6,6,7,7,1,1,1,4,1,1,1,1,1,1,1,1,6,6,5,6,7,7,1,1,1,1,1,1
172,"25",5,5,7,6,2,1,4,7,2,4,3,2,3,3,2,6,4,4,5,5,4,4,1,1,4,4,4,4,4,4,2,2,3,3,1,1,4,4,1,1,4,4,6,6,4,4,3,3,1,1,2,3,4,2,3,3,2,2,6,7,2,2,7,7,3,2,4,4,4,4,3,2,3,3,3,2,1,1,6,6,1,1,1,1,4,4,4,4,1,1,3,2,1,1,2,1,5,5,2,2,1,1,1,1,1,1,3,1,1,1,3,3,3,3,6,6,4,4,2,2,3,3,4,4
173,"58",7,7,7,7,6,6,4,7,1,1,2,3,2,1,2,6,2,1,2,1,2,1,7,7,5,5,7,7,2,1,2,3,1,2,1,1,1,1,1,1,5,6,5,5,6,6,1,1,3,3,3,2,1,1,2,2,2,1,7,7,5,5,6,7,2,2,3,4,1,2,1,1,1,1,1,1,6,7,6,6,6,7,2,2,3,3,1,2,1,1,2,2,1,1,6,7,6,5,5,5,1,1,2,1,2,1,1,1,1,1,1,1,7,7,5,5,6,7,2,2,3,3,5,5
174,"54",4,5,4,4,3,4,4,7,4,3,5,3,1,4,2,6,5,3,2,3,4,3,2,6,2,6,4,5,4,2,4,3,3,3,3,3,2,2,3,1,4,5,3,5,5,5,2,2,4,4,2,3,4,2,4,4,3,1,4,7,5,6,5,5,5,2,4,3,4,2,4,2,1,2,5,2,2,5,2,3,2,5,4,3,4,3,4,3,5,1,5,3,5,3,5,6,5,6,5,6,5,2,5,3,6,1,5,2,5,3,5,2,5,7,6,7,6,7,6,1,5,5,6,2
175,"43",6,6,3,5,3,7,4,7,4,5,6,6,2,7,2,6,5,6,4,6,4,6,3,5,3,7,4,6,3,6,3,6,5,6,5,5,3,6,3,7,3,6,3,5,2,6,3,6,4,6,4,7,3,7,3,7,3,6,5,7,7,5,6,5,4,6,4,6,3,6,3,6,5,6,2,6,2,5,4,7,2,5,1,6,3,6,3,6,2,6,5,6,2,6,4,7,3,7,2,5,3,6,5,6,3,6,5,6,3,6,4,7,4,6,6,6,5,5,3,7,2,6,6,5
176,"48",6,6,4,6,4,5,4,7,5,1,4,3,5,2,2,6,4,2,4,3,5,3,6,7,4,5,5,5,7,1,4,3,5,2,7,1,5,2,7,1,5,7,3,6,5,6,3,2,3,3,4,3,4,1,3,3,4,3,7,7,5,5,5,6,1,1,2,4,2,3,6,1,4,3,7,1,6,7,4,5,4,6,5,2,4,3,4,3,6,1,5,3,5,2,7,7,5,6,5,6,5,2,5,2,5,2,5,2,2,3,5,2,5,6,4,5,4,5,5,1,1,1,2,1
177,"25",7,7,7,7,7,7,4,7,7,7,7,7,7,6,2,6,7,7,7,7,7,7,7,7,7,7,7,7,7,7,7,7,7,7,7,7,7,7,7,7,7,6,7,7,7,7,7,7,7,7,7,7,7,7,7,7,7,7,7,7,7,7,7,7,7,7,7,7,7,7,7,7,7,7,7,7,7,7,7,7,7,7,7,7,7,7,7,7,7,7,7,7,7,7,7,7,7,7,7,7,7,7,7,7,7,7,7,7,7,7,7,7,7,7,7,7,7,7,7,7,7,6,7,7
178,"43",5,5,5,5,5,5,4,7,5,2,4,3,5,3,2,6,5,2,5,2,5,2,6,7,6,6,6,7,7,1,6,2,6,2,6,1,6,1,6,1,6,7,5,6,5,6,6,2,5,2,6,2,6,2,5,2,6,2,6,7,5,6,5,6,6,3,5,2,5,2,7,1,6,2,6,1,6,6,5,6,6,6,6,2,5,2,6,3,6,2,5,2,6,1,6,7,5,6,6,6,6,2,6,2,6,2,5,2,6,2,5,2,6,7,5,6,6,7,6,2,5,2,6,2
179,"42",1,7,1,7,1,7,4,7,1,4,1,4,1,1,2,6,1,4,1,4,1,1,1,7,1,7,1,7,1,4,1,4,1,4,1,4,1,4,1,4,1,7,1,7,1,7,1,4,1,4,1,4,1,4,1,4,1,4,1,4,1,4,1,7,1,4,1,4,1,4,1,4,1,4,1,4,1,7,1,7,1,7,1,1,1,1,1,4,1,4,1,4,1,4,1,7,1,7,1,7,1,4,1,4,1,4,1,4,1,4,1,4,1,7,1,7,1,7,1,4,1,4,1,4
180,"38",4,4,4,4,5,5,4,7,4,4,4,4,5,5,2,6,1,2,3,3,4,3,7,7,6,6,5,6,1,1,4,4,5,5,1,1,1,1,1,1,7,7,5,5,6,6,1,1,3,3,2,2,1,1,3,3,2,2,7,7,5,5,7,7,3,3,3,3,3,3,1,1,2,2,1,1,7,7,5,5,7,7,3,3,3,3,1,3,1,1,2,2,1,1,7,7,6,6,7,7,1,3,3,3,2,2,1,1,3,3,3,3,7,7,6,6,5,6,1,1,3,3,3,3
181,"43",1,4,1,4,1,4,4,7,1,4,1,4,1,4,2,6,1,4,1,4,1,4,1,4,1,4,1,4,1,4,1,4,1,4,1,4,1,4,1,4,1,4,4,4,1,3,1,4,1,4,1,4,1,5,1,4,1,4,1,4,1,4,1,4,1,4,1,4,1,4,1,4,1,4,1,4,1,4,1,4,1,4,1,4,1,4,1,4,1,4,1,4,1,4,1,4,1,4,1,4,1,4,1,4,1,4,1,4,1,4,1,4,1,4,1,4,1,4,1,4,1,4,1,4
182,"25",5,6,4,5,3,5,4,7,5,2,2,4,4,2,2,6,4,2,4,3,3,2,5,5,1,5,5,6,3,2,5,3,3,3,6,1,3,3,4,2,4,5,4,1,5,5,5,2,4,3,2,2,4,2,3,3,3,2,5,6,4,5,4,6,4,2,4,4,2,3,3,3,2,4,4,2,4,5,4,4,4,5,2,2,4,3,3,2,5,1,3,3,3,3,5,7,3,5,4,6,5,1,5,1,3,3,5,2,4,3,4,3,6,7,4,5,4,6,4,1,3,2,3,2
183,"25",5,6,4,5,4,5,4,7,3,2,3,2,3,3,2,6,1,2,1,2,1,2,1,4,1,3,1,4,2,3,1,3,1,3,1,1,1,2,1,2,1,3,1,3,1,3,1,2,1,3,1,3,1,3,1,3,1,3,1,5,1,5,2,5,1,4,1,3,1,3,1,1,1,1,1,1,1,2,1,3,1,3,1,3,1,3,1,1,5,4,4,4,4,3,4,6,5,5,5,5,3,3,3,2,3,2,1,3,1,3,2,3,2,5,1,5,2,5,1,2,2,3,2,3
184,"29",6,6,6,6,7,7,4,7,5,2,5,3,5,6,2,6,4,3,5,3,4,4,5,6,5,5,5,6,5,3,5,3,4,3,3,3,3,3,3,2,5,6,3,3,4,4,5,2,4,3,3,3,3,3,3,3,5,3,5,6,5,5,5,5,3,3,3,4,4,4,3,3,4,3,3,2,4,4,4,5,3,5,4,3,5,3,3,3,5,3,4,3,5,2,6,6,2,4,5,6,3,3,4,3,3,3,4,3,3,2,4,3,4,5,5,5,5,5,5,3,4,4,4,3
185,"55",4,4,4,2,3,2,4,7,3,2,4,2,2,2,2,6,1,1,1,1,1,1,1,1,1,1,1,1,1,1,1,1,1,1,1,1,1,1,1,1,1,1,1,1,1,1,1,1,1,1,1,1,1,1,1,1,1,1,1,1,1,1,1,1,1,1,1,1,1,1,1,1,1,1,1,1,1,1,1,1,1,1,1,1,1,1,1,1,4,5,4,5,4,5,4,5,4,5,4,5,4,5,4,5,4,5,1,1,1,1,1,1,1,1,1,1,1,1,1,1,1,1,1,1
186,"45",7,7,6,7,7,7,4,7,2,3,2,2,1,1,2,6,3,2,4,4,1,2,4,6,4,5,4,4,2,2,3,4,2,3,3,3,1,2,2,2,6,7,5,5,6,6,3,3,3,3,3,3,2,3,4,4,3,3,6,6,4,5,4,5,3,3,4,3,2,3,2,2,4,5,2,2,6,6,4,5,4,4,2,1,2,2,2,3,2,2,3,3,2,3,3,5,3,4,5,6,3,3,2,2,1,4,2,3,3,2,1,1,4,5,3,3,4,6,3,3,1,1,1,2
187,"47",6,7,7,7,7,7,4,7,5,1,5,1,5,1,2,6,2,3,3,4,2,3,5,6,3,4,4,5,2,3,2,3,1,2,1,1,1,1,2,3,4,5,4,5,4,5,2,3,4,4,4,4,1,1,2,4,1,3,5,5,4,4,4,5,1,3,1,4,1,4,1,3,2,3,2,3,4,5,4,5,4,5,3,4,4,4,3,4,1,1,2,2,1,1,5,5,5,5,5,6,1,1,3,3,3,3,3,3,2,4,3,3,4,5,3,5,4,5,4,3,2,4,3,3
188,"40",3,6,3,6,4,6,4,7,2,7,4,4,3,6,2,6,3,6,4,6,4,4,3,4,3,7,3,4,4,4,4,6,4,5,3,6,5,3,3,4,3,7,4,5,4,5,3,4,3,7,4,5,4,6,5,6,4,5,3,4,4,6,5,5,5,6,2,4,2,7,2,3,4,5,4,5,3,5,6,3,3,2,1,2,3,4,3,5,4,4,3,5,3,3,3,3,3,5,3,5,7,4,4,5,3,4,5,4,4,6,3,3,3,3,4,5,4,4,2,5,4,5,4,5
189,"20",4,4,4,5,3,4,4,7,4,3,4,4,4,4,2,6,4,4,4,4,3,3,4,4,4,4,4,5,4,3,4,4,4,4,3,2,4,3,4,4,4,4,4,4,4,5,4,4,4,3,4,3,4,2,4,4,4,3,5,6,3,4,4,4,4,3,4,4,4,3,4,2,4,3,3,4,4,5,4,4,4,5,4,4,4,4,4,4,3,3,4,3,3,3,4,5,4,4,4,5,3,3,4,4,4,3,4,3,4,4,4,4,4,5,4,4,4,5,3,2,4,3,4,3
190,"25",4,4,4,4,4,4,4,7,3,4,4,4,4,4,2,6,4,4,6,6,4,4,4,4,4,4,4,4,5,5,4,4,4,4,4,4,3,3,4,4,4,4,4,4,4,4,4,4,4,4,3,3,5,5,3,3,5,3,4,4,6,6,4,4,4,4,4,4,5,5,5,5,4,4,3,3,4,4,4,4,4,4,3,5,4,4,4,4,4,4,4,4,4,4,4,4,3,6,4,4,6,3,4,4,4,4,4,4,6,6,5,5,3,6,4,4,3,4,4,4,6,3,4,4
191,"46",6,6,6,6,6,6,4,7,7,7,6,3,6,2,2,6,6,2,6,3,6,2,6,6,6,6,6,5,6,3,6,2,6,2,7,1,6,2,6,1,7,7,6,6,6,6,6,3,6,3,6,2,6,1,6,3,6,3,6,6,7,7,7,7,6,3,6,2,6,2,6,2,6,2,6,3,6,6,6,5,6,6,6,2,6,3,6,3,6,1,6,3,6,2,7,7,6,6,6,6,6,2,6,3,6,3,6,2,6,2,6,3,7,6,6,6,6,6,6,2,6,3,6,3
192,"24",4,4,4,4,4,4,4,7,4,4,4,4,4,4,2,6,5,1,5,3,5,2,5,7,5,5,5,5,5,1,5,2,5,2,5,1,5,2,5,1,5,7,5,5,5,6,5,1,5,3,5,2,5,1,5,3,5,2,5,6,5,5,5,6,5,3,5,3,5,3,5,1,5,3,5,1,5,6,5,5,5,6,5,2,5,2,5,1,5,1,5,2,5,2,5,7,5,5,5,6,5,2,5,2,5,2,5,2,5,3,5,2,5,7,5,5,5,6,5,1,5,3,5,1
193,"45",5,6,3,4,3,4,4,7,5,4,6,4,4,4,2,6,3,4,4,4,3,4,4,4,4,4,3,4,4,4,4,4,3,4,2,3,4,5,2,3,5,6,4,4,3,4,3,4,3,4,3,2,3,4,1,4,3,4,3,4,5,5,3,4,3,5,4,5,3,4,3,3,4,4,4,4,3,4,3,4,4,4,4,3,3,3,3,4,3,4,4,4,4,4,4,3,4,4,4,4,3,5,5,4,4,5,4,4,3,5,3,4,3,5,3,4,4,4,2,3,3,4,4,4
194,"28",6,4,6,6,3,4,4,7,4,4,2,4,6,6,2,6,3,5,7,6,5,6,2,4,3,4,4,7,6,6,4,6,5,4,6,7,4,6,4,7,3,4,4,7,7,5,6,6,5,4,4,4,5,5,4,6,4,6,6,5,6,6,4,6,3,6,3,4,2,4,5,5,4,6,3,5,4,3,5,6,6,6,5,4,6,6,4,5,4,4,4,4,5,4,6,5,5,5,6,6,4,6,5,7,4,7,4,4,6,6,6,5,5,5,3,4,4,4,6,6,6,5,6,6
195,"25",6,7,7,7,5,6,4,7,1,4,4,1,3,2,2,6,3,2,4,3,1,2,5,7,5,5,1,7,3,2,2,3,1,3,1,1,1,1,2,1,5,7,2,6,4,6,3,1,1,3,3,2,1,1,3,2,1,3,4,7,4,6,3,7,1,3,1,4,1,3,4,2,3,3,4,6,7,7,5,5,4,6,2,2,2,3,2,3,2,1,3,3,2,2,5,7,5,5,6,6,2,2,3,1,2,1,3,2,3,3,1,1,6,7,4,5,3,6,1,1,1,3,3,2
196,"48",5,5,3,2,6,5,4,7,2,2,3,3,3,3,2,6,1,1,2,2,3,3,7,7,6,7,7,7,2,1,2,2,2,2,1,1,2,1,1,1,7,7,7,7,6,6,2,2,2,3,3,3,2,1,4,3,3,2,6,7,7,7,7,7,2,3,4,4,3,3,2,1,3,2,2,2,7,7,5,6,6,6,2,1,4,4,2,2,2,1,3,2,3,3,7,7,6,6,7,7,1,1,2,1,2,1,1,2,3,3,2,2,5,6,6,7,6,6,1,1,3,2,3,2
197,"78",5,5,5,5,4,5,4,7,5,3,3,3,4,4,2,6,4,4,4,4,4,4,5,5,4,4,4,4,4,4,4,4,4,4,4,4,4,4,4,4,4,4,4,4,4,5,4,4,4,4,4,4,4,4,4,4,4,4,5,5,5,4,5,5,4,4,4,4,4,4,4,4,4,4,4,4,4,4,4,4,4,4,4,4,4,4,4,4,4,4,4,4,4,4,5,5,5,6,5,5,4,4,5,3,4,4,4,4,4,4,4,4,5,5,4,5,4,4,4,4,4,4,5,3
198,"70",1,7,1,7,7,7,4,7,7,2,1,1,7,1,2,6,6,2,3,3,4,2,1,1,5,5,5,6,7,1,1,1,1,1,7,1,1,1,7,1,7,7,6,5,6,6,6,2,3,3,1,1,7,1,6,2,1,1,7,7,5,5,5,5,5,1,1,1,1,1,7,1,4,3,7,1,3,4,2,4,5,5,6,2,6,2,6,2,7,1,1,4,1,4,7,7,3,4,6,6,7,1,2,4,6,2,1,3,6,2,7,1,7,7,5,5,6,6,7,1,5,3,5,2
199,"22",5,7,4,7,4,7,4,7,6,1,3,1,2,2,2,6,3,2,2,3,5,3,5,7,5,6,7,7,3,1,5,2,3,3,2,1,3,3,7,1,6,7,5,7,6,6,2,1,3,3,3,2,7,1,5,2,5,2,6,7,4,6,3,7,3,2,1,4,1,4,2,3,3,2,6,1,5,6,5,6,6,6,5,2,1,3,2,3,5,1,5,3,5,2,7,7,6,6,5,7,5,2,5,2,5,2,7,1,5,2,4,2,5,7,6,6,5,7,6,1,3,3,2,2
200,"28",5,7,5,6,2,7,4,7,4,4,2,2,4,4,2,6,2,1,2,3,2,2,2,7,4,5,4,6,2,1,2,3,2,2,2,1,2,3,2,1,2,7,2,7,4,7,2,2,2,3,2,2,2,6,1,2,2,4,4,6,4,6,3,6,2,4,2,4,4,4,2,3,3,3,2,2,3,7,4,5,2,6,2,2,2,4,2,2,5,2,2,3,4,3,2,7,5,6,5,6,2,2,4,2,5,3,2,2,2,3,3,3,2,7,2,6,5,7,2,2,2,3,2,3
201,"29",5,5,5,5,5,5,4,7,5,5,1,4,6,2,2,6,6,2,5,3,4,2,7,7,5,5,6,6,7,1,5,2,4,2,6,1,5,2,5,2,7,7,6,7,6,7,1,1,4,3,4,2,5,2,1,1,4,2,7,7,4,5,7,7,1,1,4,3,4,3,5,2,4,2,5,1,7,7,6,6,6,7,5,1,5,3,5,2,5,2,4,3,4,2,7,7,5,5,7,7,5,3,5,2,1,2,4,2,5,3,4,1,7,7,5,6,5,6,6,2,1,2,4,3
202,"25",7,7,7,7,7,7,4,7,1,2,2,3,2,3,2,6,2,2,3,3,3,3,5,5,5,5,5,5,1,2,2,2,1,2,1,1,1,2,1,1,7,7,5,5,6,6,1,2,3,3,3,3,1,2,3,3,2,3,7,7,5,5,5,5,2,3,4,4,3,3,1,1,3,3,3,1,7,6,5,4,6,5,3,3,3,3,4,3,1,1,3,3,1,2,7,7,5,6,5,6,2,2,3,3,3,3,1,1,3,3,1,2,6,7,4,4,5,6,3,3,3,2,3,2
203,"21",7,7,7,7,7,7,4,7,7,7,7,7,7,7,2,6,7,7,7,7,7,7,7,7,7,7,7,7,7,7,7,7,7,7,7,7,7,7,7,7,7,7,7,7,7,7,7,7,7,7,7,7,7,7,7,7,7,7,7,7,7,7,7,7,7,7,7,7,7,7,7,7,7,7,7,7,7,7,7,7,7,7,7,7,7,7,7,7,7,7,7,7,7,7,7,7,7,7,7,7,7,7,7,7,7,7,7,7,7,7,7,7,7,7,7,7,7,7,7,7,7,7,7,7
