"subnum","agegrp","age","domain","a.full","h.full","lose.full","s.full","win.full","a.low","h.low","lose.low","s.low","win.low","a.med","h.med","lose.med","s.med","win.med"
1,"Older",68,"arsl",4.66666666666667,4.16666666666667,1,4.16666666666667,1,4.33333333333333,4,1,4.16666666666667,1,4.66666666666667,4.16666666666667,4,4.16666666666667,1
1,"Older",68,"vln",2,7,4,2.83333333333333,4,2.66666666666667,5.5,4,3.66666666666667,4,2.33333333333333,6.16666666666667,4,3.33333333333333,4
2,"Older",73,"arsl",2,2.16666666666667,4,2,4,1.83333333333333,2,4,1.66666666666667,4,1.66666666666667,2,4,2,4
2,"Older",73,"vln",1.5,1.83333333333333,5,1.83333333333333,5,1.5,1.66666666666667,5,1.83333333333333,6,2,1.66666666666667,4,1.66666666666667,4
3,"Older",79,"arsl",5.16666666666667,6.16666666666667,3,5.66666666666667,2,4.33333333333333,5.5,2,4.16666666666667,3,5.66666666666667,5.83333333333333,4,5.16666666666667,3
3,"Older",79,"vln",2.16666666666667,4,5,1.5,5,2.66666666666667,6.33333333333333,5,2.83333333333333,5,2,6.66666666666667,5,1.66666666666667,6
4,"Older",77,"arsl",4,3.66666666666667,2,3.83333333333333,4,3.83333333333333,3.66666666666667,1,3.5,4,2.83333333333333,3.66666666666667,4,3.66666666666667,4
4,"Older",77,"vln",2.83333333333333,5,2,3.16666666666667,5,3.16666666666667,4.5,3,3.83333333333333,5,3.16666666666667,4.5,3,3.5,5
5,"Older",69,"arsl",1.66666666666667,2.83333333333333,4,3.5,4,1.66666666666667,3.66666666666667,3,3.66666666666667,3,1.83333333333333,3.83333333333333,1,3,3
5,"Older",69,"vln",2.33333333333333,3.66666666666667,4,4,4,2.16666666666667,4.16666666666667,4,3.66666666666667,5,2.83333333333333,4,3,3.5,4
6,"Older",73,"arsl",1,1,4,1,4,1,1,4,1,5,1,1,1,1,3
6,"Older",73,"vln",3.83333333333333,3.5,3,3.66666666666667,5,3.83333333333333,3.83333333333333,3,3.83333333333333,5,3.66666666666667,3.83333333333333,3,3.66666666666667,4
7,"Older",74,"arsl",5.66666666666667,6.16666666666667,6,6,7,3.66666666666667,4,5,4.5,5,5.83333333333333,4.5,7,4.5,7
7,"Older",74,"vln",1.66666666666667,6.66666666666667,4,2.83333333333333,7,2.5,5.33333333333333,4,3.5,5,1.5,5.16666666666667,2,3.66666666666667,7
8,"Older",76,"arsl",1.16666666666667,6.5,4,2.16666666666667,5,1.83333333333333,4,3,1.83333333333333,4,1.66666666666667,5.33333333333333,4,1.66666666666667,6
8,"Older",76,"vln",2.5,7,2,3.16666666666667,6,3.33333333333333,5.5,3,3.66666666666667,6,2.5,6.16666666666667,2,3.83333333333333,7
9,"Older",71,"arsl",3.83333333333333,3.66666666666667,4,3.83333333333333,4,3.83333333333333,4,4,3.33333333333333,4,4,4,4,4,4
9,"Older",71,"vln",1.66666666666667,5.83333333333333,2,2.33333333333333,6,2.83333333333333,5,3,3.5,4,2.33333333333333,5.83333333333333,3,2.83333333333333,3
10,"Older",69,"arsl",2,2.33333333333333,3,1.83333333333333,3,1.66666666666667,1.5,3,1.83333333333333,4,1.5,1.83333333333333,3,1.66666666666667,4
10,"Older",69,"vln",2.16666666666667,2.66666666666667,3,1.83333333333333,4,1.83333333333333,1.5,4,1.83333333333333,5,1.5,1.83333333333333,2,1.83333333333333,5
11,"Older",68,"arsl",2.66666666666667,3.33333333333333,1,2.66666666666667,4,1.5,2.33333333333333,1,2,1,2.66666666666667,2.5,1,2.16666666666667,3
11,"Older",68,"vln",1.83333333333333,5.16666666666667,4,2.33333333333333,4,2.83333333333333,5,4,3.16666666666667,4,2.16666666666667,5,4,2.16666666666667,4
12,"Older",69,"arsl",2.5,2.5,1,2.66666666666667,7,1.83333333333333,2.5,1,2,7,2.33333333333333,2.83333333333333,1,2.5,7
12,"Older",69,"vln",2.5,2.33333333333333,1,1.83333333333333,1,4.33333333333333,2.16666666666667,1,2.66666666666667,7,2.16666666666667,2.33333333333333,1,2.66666666666667,7
13,"Older",70,"arsl",1.83333333333333,2,1,2.33333333333333,3,2,2.33333333333333,1,2.83333333333333,1,2,2,4,2.33333333333333,1
13,"Older",70,"vln",4,4,4,4,4,4,4,4,4,4,4,4,4,4,4
14,"Older",74,"arsl",3.33333333333333,4.66666666666667,5,3.5,5,3.5,4.83333333333333,5,3.16666666666667,6,3.16666666666667,4.5,7,3.16666666666667,7
14,"Older",74,"vln",1.33333333333333,6,1,1.83333333333333,7,2.5,6.16666666666667,1,2.83333333333333,7,1.5,5.83333333333333,1,2.16666666666667,7
15,"Older",67,"arsl",6.16666666666667,6.83333333333333,7,5.66666666666667,7,4.33333333333333,4.83333333333333,5,4.66666666666667,7,4.66666666666667,5.83333333333333,1,5,7
15,"Older",67,"vln",2.33333333333333,6.83333333333333,1,2.33333333333333,7,2.83333333333333,5.33333333333333,3,3.16666666666667,7,3.16666666666667,5.83333333333333,1,2.83333333333333,7
16,"Older",72,"arsl",4.5,6.16666666666667,5,4.16666666666667,5,3.66666666666667,3.83333333333333,3,3.5,4,3.5,5.5,4,3.16666666666667,4
16,"Older",72,"vln",1.66666666666667,7,3,2,4,2.66666666666667,5,4,3.5,5,2.33333333333333,6.5,4,2.83333333333333,4
17,"Older",79,"arsl",5.5,6,6,5.33333333333333,5,3.33333333333333,4.5,4,3.5,6,4.33333333333333,5.33333333333333,4,4.16666666666667,6
17,"Older",79,"vln",2.66666666666667,6.33333333333333,3,3,7,3.66666666666667,4.66666666666667,3,3.5,7,3,5.66666666666667,3,3.5,7
18,"Older",70,"arsl",1,2.16666666666667,1,1,4,1,1.5,1,1,4,1,1.5,1,1,4
18,"Older",70,"vln",1.83333333333333,3.66666666666667,2,1.83333333333333,6,2.33333333333333,3.83333333333333,3,2.66666666666667,5,1.66666666666667,3.83333333333333,3,2.66666666666667,4
19,"Older",69,"arsl",7,6.83333333333333,7,6.66666666666667,7,6,5.5,7,3.66666666666667,7,6.5,6.5,7,4.5,7
19,"Older",69,"vln",1,6.83333333333333,1,1.16666666666667,7,2,5.66666666666667,1,2.33333333333333,7,1.5,6.5,1,1.5,7
20,"Middle Age",60,"arsl",1.16666666666667,1.16666666666667,1,1.16666666666667,6,1.16666666666667,1.16666666666667,1,1.16666666666667,6,1.16666666666667,1.16666666666667,2,1.16666666666667,6
20,"Middle Age",60,"vln",2.33333333333333,2.33333333333333,2,2.16666666666667,6,2.33333333333333,2.16666666666667,2,2.16666666666667,6,2.33333333333333,2.5,2,2,6
21,"Younger",25,"arsl",4,4.83333333333333,3,4.66666666666667,4,5.83333333333333,4.33333333333333,3,4,5,5.5,5.66666666666667,1,4.33333333333333,2
21,"Younger",25,"vln",4.83333333333333,2.66666666666667,5,3.33333333333333,4,2.83333333333333,3.83333333333333,3,2.5,3,4.16666666666667,3.16666666666667,5,5.33333333333333,3
22,"Middle Age",46,"arsl",1,1,4,1.16666666666667,6,1,1,2,1,6,1,1,3,1,6
22,"Middle Age",46,"vln",1.66666666666667,1.83333333333333,1,2,7,1.66666666666667,1.66666666666667,3,1.66666666666667,7,1.83333333333333,1.83333333333333,2,1.66666666666667,6
23,"Older",69,"arsl",5,5,5,4.83333333333333,5,4.33333333333333,4.66666666666667,4,4.33333333333333,5,4.66666666666667,4.66666666666667,5,4.5,5
23,"Older",69,"vln",1.83333333333333,5.66666666666667,2,2.5,6,2.83333333333333,5,3,3.33333333333333,6,2.16666666666667,5,3,3,6
24,"Older",62,"arsl",5,3.16666666666667,7,3.16666666666667,7,3.16666666666667,2.66666666666667,5,3.66666666666667,7,2.83333333333333,4.16666666666667,6,3.33333333333333,7
24,"Older",62,"vln",4.33333333333333,4.16666666666667,1,4,7,4.16666666666667,4.33333333333333,2,4.16666666666667,7,4.33333333333333,3.83333333333333,1,4,7
25,"Older",80,"arsl",5,5.16666666666667,6,4.33333333333333,6,3.66666666666667,2.83333333333333,1,2.66666666666667,5,4.5,3.33333333333333,3,4.16666666666667,7
25,"Older",80,"vln",3.33333333333333,4.83333333333333,2,4,6,3.83333333333333,4.16666666666667,5,4.16666666666667,5,3,4.33333333333333,3,4.16666666666667,6
26,"Older",79,"arsl",4.16666666666667,5.66666666666667,6,3.5,6,3.83333333333333,4.16666666666667,3,3.5,7,3.83333333333333,5.5,6,3.5,7
26,"Older",79,"vln",2.5,6.83333333333333,1,2.5,7,2.83333333333333,6,3,3.16666666666667,7,3.16666666666667,6.66666666666667,2,2.5,7
27,"Older",68,"arsl",3,3,4,3,4,3,3.16666666666667,3,3,4,3,3.16666666666667,3,3,3
27,"Older",68,"vln",2.66666666666667,5.33333333333333,3,3.16666666666667,5,3.5,4,4,3.66666666666667,5,3,4.83333333333333,4,3.66666666666667,4
28,"Older",64,"arsl",5.16666666666667,6.16666666666667,7,4.5,4,4.5,5.33333333333333,5,4.16666666666667,7,4.5,5.5,6,3.83333333333333,7
28,"Older",64,"vln",1.66666666666667,6.83333333333333,1,2,5,2.33333333333333,5.66666666666667,1,3,7,2,6.16666666666667,1,2.66666666666667,7
29,"Younger",36,"arsl",5.5,4.83333333333333,6,5,6,5,4.16666666666667,4,4.33333333333333,5,4.83333333333333,4,5,4.5,5
29,"Younger",36,"vln",1.83333333333333,5.66666666666667,6,2.5,7,2.66666666666667,4.5,5,3.16666666666667,7,2.5,5,6,3.16666666666667,7
30,"Older",67,"arsl",1,1,2,1,2,1,1,2,1,3,1,1,3,1,2
30,"Older",67,"vln",4,4,5,4,3,4,4,4,4,5,4,4,2,4,2
31,"Older",80,"arsl",1,7,1,1.16666666666667,7,1.66666666666667,6,2,2.16666666666667,7,1,6.83333333333333,1,1.16666666666667,7
31,"Older",80,"vln",1,7,1,1.16666666666667,7,1.5,6,2,2.16666666666667,7,1,6.83333333333333,1,1.16666666666667,7
32,"Older",80,"arsl",2.83333333333333,6,5,2.66666666666667,5,3,4.66666666666667,4,3.16666666666667,5,3.16666666666667,4.83333333333333,3,2.66666666666667,6
32,"Older",80,"vln",2.5,6,5,2.16666666666667,5,2.83333333333333,5.66666666666667,3,3.16666666666667,6,2.66666666666667,5.33333333333333,3,2.33333333333333,5
33,"Older",72,"arsl",5.16666666666667,6.33333333333333,3,5,3,4.66666666666667,4.83333333333333,3,3.16666666666667,3,5.83333333333333,5.33333333333333,3,4.33333333333333,2
33,"Older",72,"vln",2.16666666666667,6.33333333333333,4,2.66666666666667,4,2.66666666666667,5,3,3,4,2,5.83333333333333,5,2.5,4
34,"Older",66,"arsl",1,1.33333333333333,1,1,1,1,1.33333333333333,1,1,1,1,1.33333333333333,1,1,1
34,"Older",66,"vln",1.16666666666667,5,1,1.83333333333333,5,2,4.83333333333333,1,2.83333333333333,6,1.5,5,1,2.16666666666667,6
35,"Older",74,"arsl",1,6,5,5,7,2.33333333333333,6.83333333333333,1,5,7,1,6.66666666666667,1,5,6
35,"Older",74,"vln",1,6.83333333333333,3,3,7,1.83333333333333,6.83333333333333,1,3,7,1.16666666666667,6.66666666666667,1,3,7
36,"Middle Age",56,"arsl",2.16666666666667,3.66666666666667,6,2.83333333333333,6,1.5,2.5,5,2.33333333333333,6,2.66666666666667,3.66666666666667,5,2,4
36,"Middle Age",56,"vln",1.16666666666667,7,1,1.16666666666667,7,2.16666666666667,5.83333333333333,2,2.5,7,1.83333333333333,6.66666666666667,1,1.5,7
37,"Middle Age",59,"arsl",4,4,4,4,4,4,4,4,4,4,4,4,4,4,4
37,"Middle Age",59,"vln",2.5,5.83333333333333,5,2.83333333333333,5,3.5,4.83333333333333,4,3.5,5,2.83333333333333,5.5,5,3.33333333333333,5
38,"Middle Age",53,"arsl",1.5,4.5,1,2.16666666666667,7,2.33333333333333,4.16666666666667,1,2.5,7,1.5,4,1,2.5,7
38,"Middle Age",53,"vln",1.5,5,1,2.5,4,2.33333333333333,4.83333333333333,2,2.33333333333333,7,1.83333333333333,4.83333333333333,1,2.33333333333333,7
39,"Older",63,"arsl",1,1,4,1,4,1,1,4,1,4,1,1,4,1,4
39,"Older",63,"vln",4,4,1,4,7,4,4,1,4,7,4,4,1,4,7
40,"Younger",40,"arsl",5,4.83333333333333,4,4.5,4,4.5,4.33333333333333,4,4.33333333333333,4,4,4.33333333333333,5,4.5,4
40,"Younger",40,"vln",3.5,3.66666666666667,3,3.33333333333333,5,4,4.16666666666667,3,4.16666666666667,5,3.83333333333333,3.83333333333333,3,4,5
41,"Middle Age",58,"arsl",4.33333333333333,4.16666666666667,4,4.33333333333333,3,3.16666666666667,4.5,3,4.16666666666667,4,3.83333333333333,4.33333333333333,4,4.33333333333333,4
41,"Middle Age",58,"vln",2.33333333333333,5.16666666666667,4,2.83333333333333,3,3.5,4.66666666666667,3,3,5,2.83333333333333,4.66666666666667,3,2.83333333333333,4
42,"Older",63,"arsl",3.83333333333333,5.16666666666667,6,4.33333333333333,7,3.33333333333333,4.66666666666667,4,3,7,4,4.5,5,4.33333333333333,4
42,"Older",63,"vln",2,6,2,2,7,2.83333333333333,4.83333333333333,3,2.83333333333333,7,2.33333333333333,6,3,2.5,5
43,"Older",75,"arsl",1,6.16666666666667,6,1,6,2.16666666666667,5.5,5,2.5,6,1.66666666666667,6.16666666666667,6,2,6
43,"Older",75,"vln",1,6.16666666666667,6,1,6,2.33333333333333,5.5,5,2.5,6,1.83333333333333,6.16666666666667,6,2,6
44,"Middle Age",56,"arsl",5.5,5.33333333333333,7,5,7,5.83333333333333,5,1,4.5,7,4.83333333333333,4.66666666666667,3,4.66666666666667,7
44,"Middle Age",56,"vln",1.83333333333333,5.83333333333333,1,2.5,7,1.83333333333333,4.83333333333333,4,3.5,7,1.83333333333333,5.33333333333333,3,2.83333333333333,7
45,"Older",73,"arsl",4.83333333333333,4.83333333333333,5,4.5,5,3.66666666666667,4.83333333333333,4,4.33333333333333,5,4.33333333333333,5,4,4.66666666666667,4
45,"Older",73,"vln",1.5,6,3,2.5,5,3,5.5,4,3.33333333333333,5,1.83333333333333,5.66666666666667,4,3,4
46,"Older",70,"arsl",5.33333333333333,5.33333333333333,4,5,5,4.5,4.83333333333333,4,4.33333333333333,5,5,5,4,4.5,4
46,"Older",70,"vln",1.33333333333333,6.16666666666667,4,2.33333333333333,5,2.66666666666667,5.33333333333333,4,3.16666666666667,5,2.16666666666667,5.66666666666667,3,2.66666666666667,4
47,"Middle Age",48,"arsl",1.16666666666667,1.83333333333333,2,1.16666666666667,4,1.5,1.66666666666667,3,1.5,3,1.5,1.66666666666667,2,1.33333333333333,3
47,"Middle Age",48,"vln",1.83333333333333,3.5,4,2.16666666666667,5,2,3.5,4,2.83333333333333,4,1.66666666666667,2.5,4,1.66666666666667,4
48,"Younger",36,"arsl",1.16666666666667,7,2,1.33333333333333,7,2.5,6.33333333333333,1,2,7,1.83333333333333,7,2,1.83333333333333,7
48,"Younger",36,"vln",1.33333333333333,6.83333333333333,2,1.33333333333333,7,2.5,6.33333333333333,1,2.66666666666667,7,1.83333333333333,7,2,1.83333333333333,7
49,"Younger",33,"arsl",3,5,1,2.5,6,3.16666666666667,4.83333333333333,1,3.33333333333333,7,3.16666666666667,4.83333333333333,1,3.33333333333333,7
49,"Younger",33,"vln",3,5.83333333333333,1,2.5,7,2.83333333333333,5.83333333333333,1,2.83333333333333,7,2.5,5.33333333333333,1,3.16666666666667,7
50,"Middle Age",58,"arsl",2,7,1,2,7,2.66666666666667,5.83333333333333,1,3,7,1.83333333333333,7,1,1.83333333333333,7
50,"Middle Age",58,"vln",2,7,1,2,7,2.66666666666667,5.83333333333333,1,3,7,2,7,1,2,7
51,"Older",77,"arsl",4.66666666666667,7,7,3.66666666666667,6,4,5.83333333333333,1,3.83333333333333,7,4.33333333333333,6.16666666666667,4,3.66666666666667,5
51,"Older",77,"vln",1.83333333333333,7,7,3.33333333333333,7,3.5,5.5,1,3.5,7,3.33333333333333,6.83333333333333,2,3.66666666666667,7
52,"Older",69,"arsl",4.5,5.5,3,4.33333333333333,4,3.83333333333333,5.66666666666667,4,4.5,6,4.83333333333333,4.83333333333333,5,4.5,5
52,"Older",69,"vln",2.16666666666667,5.83333333333333,1,2.33333333333333,7,2.33333333333333,6.33333333333333,1,2.5,7,2.5,6.66666666666667,2,2.33333333333333,6
53,"Younger",38,"arsl",5,5,1,5,7,5,5,1,5,7,5,4.83333333333333,2,5,7
53,"Younger",38,"vln",4,4,1,4,7,4,4,1,4,7,4,4,1,4,7
54,"Younger",34,"arsl",3.5,4,4,3.83333333333333,4,3.66666666666667,3.5,1,4.5,7,2.16666666666667,4.5,4,4,4
54,"Younger",34,"vln",2.5,4.5,4,3.66666666666667,4,3.33333333333333,3.5,1,4.5,7,2.16666666666667,4.5,4,3.66666666666667,4
55,"Older",60,"arsl",3.5,5.66666666666667,3,3.83333333333333,1,3,3.66666666666667,2,3.66666666666667,4,3.66666666666667,5.33333333333333,4,4.33333333333333,4
55,"Older",60,"vln",3,6.16666666666667,3,2.66666666666667,4,3.5,4.83333333333333,3,3.33333333333333,5,3.16666666666667,5.83333333333333,3,3,4
56,"Older",76,"arsl",3.83333333333333,5.66666666666667,7,3.5,7,4.16666666666667,3.83333333333333,7,3.66666666666667,7,4,4.83333333333333,7,4.5,7
56,"Older",76,"vln",2.16666666666667,6.66666666666667,1,2.16666666666667,7,2.83333333333333,5.33333333333333,1,2.83333333333333,7,2.16666666666667,5.83333333333333,1,2.33333333333333,7
57,"Older",76,"arsl",4.5,7,6,4.33333333333333,7,1.83333333333333,5.83333333333333,5,4,7,3.5,6.83333333333333,6,3.5,6
57,"Older",76,"vln",1.66666666666667,7,7,3,7,3.33333333333333,6,5,3.5,7,3.16666666666667,6.83333333333333,1,3.16666666666667,7
58,"Older",74,"arsl",5.33333333333333,5.66666666666667,7,4,7,5.16666666666667,5.16666666666667,5,4.16666666666667,7,4.5,4.5,7,5.33333333333333,5
58,"Older",74,"vln",2.66666666666667,5.83333333333333,1,3.66666666666667,7,2.33333333333333,4.33333333333333,3,3.66666666666667,7,3,3.5,1,2.33333333333333,6
59,"Middle Age",52,"arsl",2.16666666666667,6.33333333333333,2,2.16666666666667,2,2.5,4.83333333333333,3,3.5,5,2.16666666666667,4.5,3,3,5
59,"Middle Age",52,"vln",2.16666666666667,6.5,1,1.83333333333333,3,2.33333333333333,5.5,3,3.33333333333333,6,2,5.83333333333333,2,2.5,6
60,"Younger",25,"arsl",4,4,4,4,3,4,4,4,4,4,4,4,4,4,4
60,"Younger",25,"vln",4,4,4,4,4,4,4,4,4,4,4,4,4,4,4
61,"Older",61,"arsl",5.66666666666667,6.66666666666667,7,4.83333333333333,7,3.66666666666667,5.5,6,3.33333333333333,7,4.83333333333333,6,6,4.33333333333333,7
61,"Older",61,"vln",1.83333333333333,6.83333333333333,2,2.33333333333333,7,3,5.83333333333333,3,3.16666666666667,7,2.5,6.33333333333333,2,2.83333333333333,7
62,"Younger",35,"arsl",2.16666666666667,6.33333333333333,5,2.83333333333333,5,3.16666666666667,4.66666666666667,3,3.33333333333333,5,3.33333333333333,5.66666666666667,5,3.5,6
62,"Younger",35,"vln",1.83333333333333,6.33333333333333,4,2.33333333333333,5,3,4.83333333333333,3,3.33333333333333,5,2.5,5.66666666666667,4,2.83333333333333,6
63,"Middle Age",42,"arsl",7,1,6,7,1,6.66666666666667,1,7,6.83333333333333,1,6.66666666666667,1,1,6.83333333333333,1
63,"Middle Age",42,"vln",1.16666666666667,7,2,1.16666666666667,7,2.5,6.83333333333333,5,1.16666666666667,7,1.66666666666667,7,7,1.5,7
64,"Older",67,"arsl",1.16666666666667,6.83333333333333,1,1.83333333333333,5,2.16666666666667,6.33333333333333,1,2.5,5,1.5,7,1,1.16666666666667,5
64,"Older",67,"vln",1.16666666666667,6.5,2,2.33333333333333,6,2.33333333333333,6,1,2.66666666666667,6,2.33333333333333,6.5,2,2.16666666666667,6
65,"Older",60,"arsl",4.5,5,3,4.33333333333333,6,5.16666666666667,4.5,3,4.5,4,3.66666666666667,4.66666666666667,4,5,5
65,"Older",60,"vln",4.33333333333333,5,2,4.33333333333333,5,4.66666666666667,4.16666666666667,4,5,4,3.83333333333333,4.5,5,4.5,5
66,"Younger",33,"arsl",5.5,7,7,3.83333333333333,7,4.83333333333333,5,7,4.33333333333333,7,4.16666666666667,6.66666666666667,4,4.83333333333333,7
66,"Younger",33,"vln",2.5,7,6,2.83333333333333,7,2.83333333333333,4.16666666666667,6,3,7,3.16666666666667,6.33333333333333,3,3,7
67,"Younger",25,"arsl",3.83333333333333,4,4,4.33333333333333,4,4,4,4,3.66666666666667,4,3.83333333333333,4.16666666666667,4,4,4
67,"Younger",25,"vln",3.5,4,4,4,4,4,4,4,3.66666666666667,4,3.83333333333333,4,4,4,4
68,"Younger",37,"arsl",2,2.16666666666667,1,3.33333333333333,1,2,1.83333333333333,1,3,1,1.5,3,1,2.66666666666667,1
68,"Younger",37,"vln",3,4.33333333333333,4,2.5,4,3.33333333333333,3.83333333333333,3,2.83333333333333,5,3.5,4.66666666666667,4,2.83333333333333,6
69,"Older",62,"arsl",5.16666666666667,4.5,4,4.83333333333333,4,4.5,4.5,4,4.33333333333333,4,4.5,4.5,4,4.5,4
69,"Older",62,"vln",1,6.33333333333333,3,1.33333333333333,5,1.66666666666667,5.33333333333333,3,2.66666666666667,5,1.83333333333333,6,3,1.83333333333333,5
70,"Older",72,"arsl",5.5,5.33333333333333,6,5.33333333333333,5,6,5.66666666666667,7,5.5,6,5.5,6,6,6,6
70,"Older",72,"vln",2.33333333333333,2,5,2.66666666666667,6,2.16666666666667,2.16666666666667,3,1.83333333333333,5,2.16666666666667,2,6,2.16666666666667,6
71,"Older",78,"arsl",1,2.83333333333333,2,1.5,4,1.16666666666667,1.5,3,1,2,1.66666666666667,2.5,4,1.16666666666667,4
71,"Older",78,"vln",1.66666666666667,6.33333333333333,2,2,6,3.16666666666667,5,3,2.33333333333333,5,1.83333333333333,5.66666666666667,2,2.66666666666667,6
72,"Older",68,"arsl",2,2,2,2,3,2.33333333333333,2,2,2,3,2,2,2,1.83333333333333,4
72,"Older",68,"vln",2,2,2,2,3,2,2,2,2,3,2,2,2,1.83333333333333,5
73,"Middle Age",56,"arsl",2.66666666666667,2.66666666666667,1,2.66666666666667,5,2.66666666666667,2.66666666666667,1,2.66666666666667,6,2.66666666666667,2.66666666666667,1,2.66666666666667,6
73,"Middle Age",56,"vln",3.66666666666667,3.66666666666667,1,3.66666666666667,6,3.66666666666667,3.66666666666667,1,3.66666666666667,6,3.66666666666667,3.66666666666667,1,3.66666666666667,6
74,"Older",73,"arsl",3.5,3.33333333333333,2,3.16666666666667,2,2.5,2.83333333333333,1,3,2,2.5,3,3,3.16666666666667,2
74,"Older",73,"vln",1.83333333333333,6,3,2.5,6,2.16666666666667,5.83333333333333,4,3.16666666666667,5,2.5,5.66666666666667,3,2.66666666666667,5
75,"Middle Age",50,"arsl",2.83333333333333,3,5,3,6,3.33333333333333,3.16666666666667,3,2.83333333333333,6,3.33333333333333,2.83333333333333,4,3.5,4
75,"Middle Age",50,"vln",3,3,5,3,6,3.33333333333333,3.16666666666667,4,2.83333333333333,5,3.16666666666667,2.5,4,3.33333333333333,4
76,"Older",74,"arsl",2.5,6.16666666666667,5,3.16666666666667,7,3,4.83333333333333,4,3.16666666666667,6,2.83333333333333,5,3,3.16666666666667,6
76,"Older",74,"vln",1.83333333333333,6.5,1,3,6,2.83333333333333,4.83333333333333,1,3,6,2.16666666666667,5.5,1,2.83333333333333,7
77,"Middle Age",58,"arsl",1,1,1,1,1,1,1,1,1,1,1,1,1,1,1
77,"Middle Age",58,"vln",4,4,4,4,4,4,4,4,4,4,4,4,4,4,4
78,"Older",62,"arsl",1,5.16666666666667,4,1,7,1,5.5,1,2.33333333333333,7,1.5,5.5,1,1.33333333333333,6
78,"Older",62,"vln",1.5,5.66666666666667,5,2.16666666666667,7,2,5.5,4,2.5,7,2.33333333333333,5.83333333333333,1,1.83333333333333,7
79,"Middle Age",55,"arsl",7,1,7,6.33333333333333,1,5.33333333333333,2.33333333333333,6,5.66666666666667,1,6.83333333333333,1.16666666666667,7,5.5,1
79,"Middle Age",55,"vln",1.16666666666667,7,1,1.5,7,3,5.66666666666667,2,2.16666666666667,7,1.16666666666667,6.66666666666667,2,2,7
80,"Younger",35,"arsl",2.16666666666667,6.83333333333333,3,2,7,2,6.66666666666667,4,2.16666666666667,7,1.83333333333333,6.5,4,2.16666666666667,7
80,"Younger",35,"vln",2.16666666666667,6.5,3,2,7,2.5,6.66666666666667,4,2.66666666666667,7,2,6.16666666666667,3,2.5,7
81,"Older",68,"arsl",1,1.5,1,1,1,1,1,1,1,1,1,1,1,1,2
81,"Older",68,"vln",2.33333333333333,2.33333333333333,5,3.33333333333333,1,2.83333333333333,2.83333333333333,4,2.33333333333333,5,2.83333333333333,2.83333333333333,4,2.83333333333333,6
82,"Older",68,"arsl",2,1.5,6,1.16666666666667,5,1.33333333333333,1.5,4,1.16666666666667,5,1.33333333333333,1.5,3,1.33333333333333,5
82,"Older",68,"vln",2,3.33333333333333,1,2.5,7,2.5,3.66666666666667,2,2.33333333333333,7,1.66666666666667,3.33333333333333,1,2.16666666666667,6
83,"Older",63,"arsl",1.5,4.33333333333333,4,1.83333333333333,5,2.16666666666667,3,3,2.16666666666667,5,1.66666666666667,4.33333333333333,4,1.83333333333333,5
83,"Older",63,"vln",1.83333333333333,5.66666666666667,5,2.16666666666667,6,2.5,4.83333333333333,4,2.66666666666667,5,2,5.66666666666667,5,2,6
84,"Older",67,"arsl",3.33333333333333,5,4,3.83333333333333,6,3.66666666666667,4.33333333333333,4,3.83333333333333,5,4,4.33333333333333,3,3.83333333333333,5
84,"Older",67,"vln",2,5.66666666666667,3,3.5,6,3.16666666666667,5,4,3.33333333333333,5,2.33333333333333,5.66666666666667,3,2.83333333333333,5
85,"Middle Age",51,"arsl",2.66666666666667,2.83333333333333,3,3.5,7,2.66666666666667,1.83333333333333,6,1.66666666666667,6,2.83333333333333,2.5,6,2.33333333333333,5
85,"Middle Age",51,"vln",3.83333333333333,5.5,1,3.16666666666667,7,3.5,4.33333333333333,1,3.5,7,3.83333333333333,5,1,3.66666666666667,7
86,"Younger",35,"arsl",5.33333333333333,4,1,3.33333333333333,1,4.33333333333333,3.66666666666667,1,2.83333333333333,3,5,4.16666666666667,3,3.5,1
86,"Younger",35,"vln",1.5,6.66666666666667,5,2.33333333333333,4,1.83333333333333,5.66666666666667,4,2.5,5,1.83333333333333,6.33333333333333,6,2.16666666666667,4
87,"Older",73,"arsl",3.33333333333333,3.5,5,3.33333333333333,5,3.33333333333333,3.5,5,3.33333333333333,6,3.5,3.5,5,3.33333333333333,6
87,"Older",73,"vln",3.5,3.5,3,3.5,6,3.33333333333333,3.33333333333333,5,3.66666666666667,6,3.66666666666667,3.66666666666667,3,3.83333333333333,6
88,"Older",67,"arsl",1,1,1,1,4,1,1,1,1,5,1,1,1,1,1
88,"Older",67,"vln",2.66666666666667,5.5,1,2.66666666666667,7,2.83333333333333,5.16666666666667,1,3.33333333333333,4,2.16666666666667,5,3,2.83333333333333,4
89,"Older",65,"arsl",4.16666666666667,4.16666666666667,3,3.83333333333333,5,4,4,4,4,5,4,4,4,4,5
89,"Older",65,"vln",2.33333333333333,6,2,2.66666666666667,6,3,5,3,3.16666666666667,6,2.83333333333333,5.33333333333333,2,3,6
90,"Older",64,"arsl",1,2,1,1,7,1,1.66666666666667,1,1.66666666666667,7,1.5,2,1,1.5,7
90,"Older",64,"vln",1,2.66666666666667,1,1.33333333333333,7,1,1.66666666666667,1,1.5,7,1.5,2.16666666666667,1,1.5,7
91,"Older",80,"arsl",5.66666666666667,4.66666666666667,5,4.16666666666667,6,4.33333333333333,4.33333333333333,5,4,5,4,4.5,5,4,4
91,"Older",80,"vln",1.5,5.83333333333333,1,2.83333333333333,7,3,4,5,2.83333333333333,6,2.16666666666667,4.5,2,3.5,5
92,"Younger",29,"arsl",1.33333333333333,7,1,1,7,1.33333333333333,6.33333333333333,2,1.66666666666667,7,1,6.16666666666667,2,1.83333333333333,7
92,"Younger",29,"vln",1.33333333333333,7,1,1.5,7,1.5,5.66666666666667,1,2.33333333333333,7,1,7,2,2.16666666666667,7
93,"Middle Age",59,"arsl",1,5.83333333333333,3,1,7,1,4.5,1,1,7,1,5,5,1.16666666666667,5
93,"Middle Age",59,"vln",1,7,2,1,7,1.5,5.66666666666667,1,1,7,1.66666666666667,6.5,4,1,7
94,"Middle Age",57,"arsl",2.33333333333333,5.83333333333333,1,2.33333333333333,7,3.33333333333333,4.16666666666667,2,2.83333333333333,4,2,5.33333333333333,5,2.66666666666667,7
94,"Middle Age",57,"vln",1.83333333333333,6.83333333333333,1,2,7,3,5.16666666666667,2,2.5,5,1.66666666666667,6,2,2.33333333333333,7
95,"Younger",30,"arsl",5.83333333333333,5.33333333333333,6,5.66666666666667,7,5.83333333333333,5.16666666666667,7,5.66666666666667,7,5.66666666666667,6,6,6,7
95,"Younger",30,"vln",5.83333333333333,4.66666666666667,7,5.5,6,6.16666666666667,5.16666666666667,7,5.83333333333333,7,5.33333333333333,5.83333333333333,7,5.5,6
96,"Older",74,"arsl",1.5,1.16666666666667,5,1.16666666666667,5,1.83333333333333,1.16666666666667,5,1,5,1.33333333333333,1.33333333333333,5,1.16666666666667,5
96,"Older",74,"vln",1.5,5,2,2.66666666666667,6,2.33333333333333,4.5,2,3,6,1.83333333333333,5,1,2.83333333333333,6
97,"Older",66,"arsl",1.16666666666667,1.66666666666667,2,1.16666666666667,5,1.16666666666667,1.66666666666667,1,1.16666666666667,6,1.16666666666667,2.33333333333333,2,1.16666666666667,4
97,"Older",66,"vln",1.83333333333333,6,2,2.83333333333333,6,2.33333333333333,5.16666666666667,3,2.83333333333333,7,1.5,5.5,3,2.83333333333333,6
98,"Younger",35,"arsl",6,7,6,5.83333333333333,7,5.66666666666667,6.5,7,5.66666666666667,7,7,6.83333333333333,4,5.66666666666667,7
98,"Younger",35,"vln",1,6,1,1.83333333333333,7,3.16666666666667,6.83333333333333,1,3.66666666666667,7,1.5,6,1,1.83333333333333,7
99,"Middle Age",49,"arsl",1.5,2,2,1.66666666666667,2,1.33333333333333,2,2,1.5,4,1.16666666666667,2,2,1.5,2
99,"Middle Age",49,"vln",1.66666666666667,7,3,2.83333333333333,6,2.33333333333333,5.83333333333333,3,2.83333333333333,6,2.33333333333333,6,2,2.83333333333333,6
100,"Younger",34,"arsl",3,7,1,1,7,2.16666666666667,6.33333333333333,2,2.16666666666667,7,1,6.66666666666667,1,1.16666666666667,7
100,"Younger",34,"vln",2.33333333333333,7,1,1.33333333333333,7,2,6.5,2,2,7,1.16666666666667,6.5,1,1.33333333333333,7
101,"Middle Age",44,"arsl",6.5,6.16666666666667,7,5.83333333333333,7,5,4.83333333333333,6,5.16666666666667,7,6,6,6,5.66666666666667,5
101,"Middle Age",44,"vln",1.66666666666667,6.16666666666667,1,2.16666666666667,7,2.66666666666667,5,1,2.66666666666667,7,2,6,2,2.66666666666667,5
102,"Middle Age",59,"arsl",1,1,1,1,1,1,1,1,1,1,1,1,1,1,1
102,"Middle Age",59,"vln",4,4,1,4,7,4,4,1,4,6,4,4,1,4,7
103,"Older",65,"arsl",3.5,3.33333333333333,1,2,2,1.66666666666667,1.83333333333333,1,2.33333333333333,3,2,2.16666666666667,4,2.16666666666667,2
103,"Older",65,"vln",1.33333333333333,6,1,1.16666666666667,6,2.16666666666667,5,2,2.16666666666667,6,1.66666666666667,5.5,4,1.66666666666667,4
104,"Middle Age",54,"arsl",2.33333333333333,5.16666666666667,3,2.83333333333333,2,3.33333333333333,4.83333333333333,4,3.66666666666667,4,2.66666666666667,5,4,3.33333333333333,4
104,"Middle Age",54,"vln",2,5.33333333333333,3,2.66666666666667,4,2.5,5.5,3,3.33333333333333,5,2.16666666666667,5.5,3,2.66666666666667,5
105,"Middle Age",59,"arsl",3.16666666666667,3.66666666666667,7,3.5,7,3.33333333333333,4,7,3.33333333333333,7,2.5,3.33333333333333,4,3.5,7
105,"Middle Age",59,"vln",3.33333333333333,3.5,1,3.66666666666667,7,3.33333333333333,3.5,1,3.5,7,3.33333333333333,3.33333333333333,3,3.5,7
106,"Younger",31,"arsl",3.83333333333333,4,3,2.83333333333333,3,2.66666666666667,3,2,2.33333333333333,2,3.5,3.5,2,3.66666666666667,3
106,"Younger",31,"vln",2.66666666666667,5,4,2.83333333333333,5,3.5,4.33333333333333,4,3.33333333333333,4,2.33333333333333,4.66666666666667,4,2.66666666666667,4
107,"Younger",35,"arsl",1.33333333333333,6.66666666666667,3,1.5,7,2,5.5,1,2.5,6,1.83333333333333,5.5,1,1.83333333333333,6
107,"Younger",35,"vln",1.5,6.5,2,1.66666666666667,7,2.66666666666667,5.66666666666667,2,2.83333333333333,5,2,5.5,2,2,6
108,"Middle Age",43,"arsl",2.33333333333333,7,1,1.83333333333333,7,2.83333333333333,7,7,3,7,2.33333333333333,6.66666666666667,1,2,7
108,"Middle Age",43,"vln",1.5,7,1,2.66666666666667,7,2.33333333333333,7,4,3,7,1.83333333333333,6.66666666666667,1,2,7
109,"Middle Age",55,"arsl",2.5,2.5,4,2.66666666666667,6,2.33333333333333,2.33333333333333,5,2.5,5,2.5,2.5,2,2.5,5
109,"Middle Age",55,"vln",2.33333333333333,5.33333333333333,2,2.33333333333333,6,2,4.83333333333333,2,3.16666666666667,7,1.83333333333333,5.5,2,2.83333333333333,6
110,"Middle Age",57,"arsl",3.83333333333333,6.33333333333333,1,3.83333333333333,3,3.33333333333333,4.5,2,3.16666666666667,4,5.16666666666667,5.83333333333333,1,2.5,3
110,"Middle Age",57,"vln",1.5,6.66666666666667,2,1.5,5,2.5,5,2,2.5,5,1.5,5.83333333333333,4,2,5
111,"Younger",39,"arsl",2,7,2,1.83333333333333,7,3.83333333333333,5.5,4,3.16666666666667,7,3.33333333333333,7,4,3.33333333333333,6
111,"Younger",39,"vln",1.83333333333333,7,1,1.5,7,3.16666666666667,5.33333333333333,1,2.83333333333333,7,2.33333333333333,6.83333333333333,1,2,7
112,"Middle Age",56,"arsl",1,7,1,1,7,1,7,1,1,7,1,7,1,1,7
112,"Middle Age",56,"vln",1,7,1,1,7,1,7,4,1.16666666666667,7,1,7,1,1.16666666666667,7
113,"Older",69,"arsl",5.16666666666667,6,5,6.66666666666667,5,4.83333333333333,5.33333333333333,3,4,6,5.5,6.16666666666667,6,5.16666666666667,5
113,"Older",69,"vln",3.5,6.66666666666667,1,1.16666666666667,7,4.5,5.83333333333333,3,2.33333333333333,7,4.16666666666667,6.33333333333333,1,1.83333333333333,6
114,"Middle Age",59,"arsl",1,1,1,1,1,1,1,1,1,1,1,1,1,1,1
114,"Middle Age",59,"vln",3.83333333333333,4,4,3.83333333333333,4,3.66666666666667,4,4,4,4,3.5,4,4,4,4
115,"Middle Age",58,"arsl",1.5,3,1,1,1,1.5,2.66666666666667,1,1.16666666666667,1,1.66666666666667,2.83333333333333,1,1.16666666666667,1
115,"Middle Age",58,"vln",2.16666666666667,5.66666666666667,3,1.33333333333333,4,2.33333333333333,4.83333333333333,3,2.33333333333333,5,2.33333333333333,5,4,2.16666666666667,5
116,"Younger",30,"arsl",4.16666666666667,4.83333333333333,5,4.83333333333333,5,4.5,4.66666666666667,5,3.66666666666667,5,4.66666666666667,4.66666666666667,5,4.16666666666667,5
116,"Younger",30,"vln",3,5,2,2.16666666666667,6,3.16666666666667,4.5,2,3.5,6,3,4.83333333333333,2,3,6
117,"Middle Age",40,"arsl",6,7,7,7,7,6.5,6.66666666666667,6,6.83333333333333,7,6,7,7,6.66666666666667,7
117,"Middle Age",40,"vln",5.83333333333333,6.5,5,6.5,6,6.16666666666667,5.83333333333333,6,6,7,5.66666666666667,6.66666666666667,6,5.33333333333333,5
118,"Middle Age",51,"arsl",5.33333333333333,6.16666666666667,5,5.33333333333333,6,4.66666666666667,5.5,5,4.83333333333333,4,5.33333333333333,5.83333333333333,5,5.33333333333333,4
118,"Middle Age",51,"vln",1.83333333333333,6.33333333333333,3,2.33333333333333,6,2.83333333333333,5.5,3,3,5,2.5,6.16666666666667,3,2.33333333333333,5
119,"Middle Age",41,"arsl",5.83333333333333,6,7,6.33333333333333,7,4.5,5.5,7,4.66666666666667,6,4.5,5,6,5.5,7
119,"Middle Age",41,"vln",2,6.66666666666667,2,1.5,7,2.83333333333333,5.66666666666667,2,3.33333333333333,7,2.83333333333333,5.33333333333333,1,3.5,1
120,"Younger",30,"arsl",5.83333333333333,6.33333333333333,4,5.83333333333333,6,6.33333333333333,5.5,7,6.33333333333333,7,5.83333333333333,5.83333333333333,7,6.33333333333333,7
120,"Younger",30,"vln",6,5.83333333333333,1,5.33333333333333,7,5.83333333333333,5.66666666666667,3,5.33333333333333,7,6,6.16666666666667,7,6.33333333333333,7
121,"Younger",30,"arsl",3.33333333333333,5.66666666666667,3,2.5,7,3.5,5.83333333333333,4,2.33333333333333,7,3,7,4,3.83333333333333,7
121,"Younger",30,"vln",1.5,6.33333333333333,6,1.66666666666667,7,2.66666666666667,6.16666666666667,6,2.33333333333333,7,1.66666666666667,7,7,2.83333333333333,7
122,"Older",68,"arsl",4,4,6,4.16666666666667,6,4.16666666666667,4.16666666666667,5,4.16666666666667,6,3.83333333333333,3.83333333333333,2,4.16666666666667,5
122,"Older",68,"vln",3.33333333333333,3.33333333333333,6,3.33333333333333,6,3.33333333333333,3.33333333333333,5,3.33333333333333,6,3.33333333333333,3.16666666666667,6,3.33333333333333,5
123,"Middle Age",42,"arsl",4.83333333333333,4.83333333333333,5,4.83333333333333,5,5,4.83333333333333,5,5,5,5,4.83333333333333,5,5,5
123,"Middle Age",42,"vln",5,5,5,5,5,5,5,5,5,5,5,5,5,5,5
124,"Middle Age",47,"arsl",4,4,4,4,4,4,4,4,4,4,4,4,4,4,4
124,"Middle Age",47,"vln",4,4,4,4,4,4,4,4,4,4,4,4,4,4,4
125,"Younger",25,"arsl",6,7,7,6.16666666666667,7,6.5,6.83333333333333,7,6.16666666666667,7,5.33333333333333,6.83333333333333,7,7,7
125,"Younger",25,"vln",5.66666666666667,7,7,6.66666666666667,7,6.33333333333333,6.83333333333333,6,6,7,5.5,6.16666666666667,7,6.83333333333333,6
126,"Younger",30,"arsl",7,7,7,7,7,7,7,7,7,7,7,7,7,7,7
126,"Younger",30,"vln",7,7,7,7,7,7,7,7,7,7,7,7,7,7,7
127,"Younger",35,"arsl",3.83333333333333,3.83333333333333,4,3.5,3,3,2.66666666666667,4,3.83333333333333,3,3.33333333333333,3.66666666666667,3,3.16666666666667,4
127,"Younger",35,"vln",4.33333333333333,4.33333333333333,4,4,4,4.5,4.66666666666667,4,3.66666666666667,5,4.66666666666667,4,6,4.33333333333333,4
128,"Middle Age",42,"arsl",4,4,4,3.83333333333333,4,4.16666666666667,4,4,4,4,4,4,4,4,4
128,"Middle Age",42,"vln",4,4,4,3.83333333333333,4,4,4,4,4,4,4,4,4,4,4
129,"Middle Age",40,"arsl",4,3.83333333333333,7,2.5,7,2.66666666666667,3.33333333333333,7,3,7,2.33333333333333,3.5,7,3,7
129,"Middle Age",40,"vln",2.5,5.16666666666667,1,3.83333333333333,7,3.33333333333333,5,1,4,7,3.33333333333333,5.16666666666667,1,3.66666666666667,7
130,"Middle Age",41,"arsl",7,7,7,7,7,7,7,7,7,7,6,7,7,7,7
130,"Middle Age",41,"vln",1.66666666666667,6.5,2,2.16666666666667,6,2.5,5,2,3,6,1.33333333333333,5.83333333333333,3,2.5,6
131,"Younger",27,"arsl",1,7,1,1,7,1,7,1,1.83333333333333,7,1,7,1,1,7
131,"Younger",27,"vln",1,7,1,1,7,1,7,1,1.83333333333333,7,1,7,7,1,7
132,"Middle Age",46,"arsl",1,1.5,1,1.16666666666667,3,1.33333333333333,1,1,1.5,1,1.16666666666667,1.33333333333333,1,1.16666666666667,1
132,"Middle Age",46,"vln",4,4.33333333333333,4,3.66666666666667,4,4,4.16666666666667,4,3.66666666666667,4,3.83333333333333,4.16666666666667,3,4,5
133,"Younger",21,"arsl",4,4.16666666666667,2,4.33333333333333,4,4,4.16666666666667,1,4.5,5,3.5,4.83333333333333,1,4.5,4
133,"Younger",21,"vln",4.16666666666667,4,6,4.83333333333333,5,5,4.66666666666667,1,4.33333333333333,5,3.66666666666667,4.66666666666667,1,4.5,4
134,"Middle Age",48,"arsl",1.16666666666667,5.16666666666667,6,2.66666666666667,6,3.33333333333333,6.33333333333333,6,5,6,1.66666666666667,5.16666666666667,6,2.33333333333333,5
134,"Middle Age",48,"vln",5,5.83333333333333,7,5.66666666666667,7,5.83333333333333,5.83333333333333,6,5.66666666666667,6,5.5,5.16666666666667,4,6,7
135,"Younger",36,"arsl",1,1.16666666666667,1,1,1,1,1,1,1,1,1,1,2,1,1
135,"Younger",36,"vln",2.33333333333333,5.33333333333333,2,2.5,6,3,4.33333333333333,3,3,7,2.33333333333333,5,3,2.83333333333333,6
136,"Younger",36,"arsl",1.66666666666667,6.66666666666667,2,1.83333333333333,6,3,5.5,3,2.5,6,2.33333333333333,5.66666666666667,2,2.16666666666667,6
136,"Younger",36,"vln",1.66666666666667,6.66666666666667,2,1.83333333333333,6,3,5.66666666666667,3,2.5,6,2.33333333333333,5.66666666666667,2,2.16666666666667,6
137,"Younger",30,"arsl",5.66666666666667,5.66666666666667,6,5.83333333333333,7,6,5.66666666666667,7,5.83333333333333,5,5.83333333333333,6.16666666666667,6,6,5
137,"Younger",30,"vln",6,6.33333333333333,6,5,7,5.83333333333333,5.33333333333333,7,5,3,5,5.16666666666667,7,4.83333333333333,6
138,"Middle Age",56,"arsl",3.33333333333333,5.66666666666667,2,4.33333333333333,7,2.83333333333333,5.16666666666667,1,3.33333333333333,7,2.5,5.33333333333333,1,3.33333333333333,7
138,"Middle Age",56,"vln",2.16666666666667,5.83333333333333,1,3.5,7,3,5.16666666666667,1,3.16666666666667,7,2.33333333333333,5.5,1,2.83333333333333,7
139,"Younger",30,"arsl",7,7,7,7,7,7,7,7,7,7,7,7,7,7,7
139,"Younger",30,"vln",7,7,7,7,7,7,7,7,7,7,7,7,7,7,7
140,"Middle Age",49,"arsl",3.83333333333333,3.16666666666667,2,3.66666666666667,4,3.16666666666667,3.16666666666667,3,2.83333333333333,3,4.16666666666667,4.16666666666667,3,3,4
140,"Middle Age",49,"vln",3.33333333333333,4.5,4,3.83333333333333,4,3.83333333333333,4.16666666666667,4,4,4,3.83333333333333,4.66666666666667,4,4,4
141,"Younger",25,"arsl",1.33333333333333,1.16666666666667,2,1.33333333333333,2,1.33333333333333,1,1,1.16666666666667,2,1,1.16666666666667,2,1.16666666666667,2
141,"Younger",25,"vln",3.83333333333333,4,4,4,4,4,3.83333333333333,4,4,4,4,4,4,4.16666666666667,4
142,"Younger",20,"arsl",3.5,3.66666666666667,2,2.83333333333333,7,4.33333333333333,3.83333333333333,4,4,5,4.33333333333333,4.16666666666667,3,3.33333333333333,6
142,"Younger",20,"vln",1.66666666666667,5.66666666666667,1,1.5,7,3,5.83333333333333,2,2.5,6,2.16666666666667,5.5,2,2.33333333333333,7
143,"Younger",25,"arsl",3.5,5,4,3.83333333333333,5,3.33333333333333,4.66666666666667,1,3.5,7,3.5,3.66666666666667,7,4.83333333333333,5
143,"Younger",25,"vln",4.16666666666667,5.16666666666667,4,2,5,3.33333333333333,4,1,2.5,5,3.83333333333333,3.83333333333333,5,4.16666666666667,5
144,"Younger",30,"arsl",6.16666666666667,7,7,6.83333333333333,6,7,7,7,7,7,7,7,7,6.33333333333333,7
144,"Younger",30,"vln",7,7,7,7,6,7,7,7,6.66666666666667,7,6.83333333333333,7,7,5.83333333333333,7
145,"Younger",24,"arsl",1.83333333333333,2,3,1.16666666666667,7,1.83333333333333,2.83333333333333,4,1.5,6,1,1.66666666666667,1,1.33333333333333,7
145,"Younger",24,"vln",3.33333333333333,5.16666666666667,1,2.66666666666667,7,2.83333333333333,4.33333333333333,3,2.83333333333333,5,2.83333333333333,5,1,3,7
146,"Middle Age",57,"arsl",1.5,2,1,1.5,1,1.33333333333333,2,1,1.5,1,1.5,2,1,1.5,1
146,"Middle Age",57,"vln",1,6.33333333333333,7,2,7,2.16666666666667,6.66666666666667,7,3.33333333333333,7,1.16666666666667,6.83333333333333,7,2.33333333333333,7
147,"Younger",38,"arsl",1.5,2,1,1.16666666666667,1,1,1.16666666666667,1,1,3,1,1.16666666666667,2,1,1
147,"Younger",38,"vln",4,4,4,4,4,4,4,4,4,4,4,4,4,4,4
148,"Middle Age",50,"arsl",5.83333333333333,4.66666666666667,4,4.66666666666667,6,4.66666666666667,4.5,5,4.66666666666667,6,4.83333333333333,4.5,4,4.66666666666667,5
148,"Middle Age",50,"vln",2.83333333333333,5.83333333333333,4,3.16666666666667,7,2.66666666666667,5.33333333333333,2,3.5,7,2.66666666666667,5.83333333333333,4,3,7
149,"Middle Age",40,"arsl",1,1.83333333333333,2,1.16666666666667,3,1,2,2,1,5,1,1.83333333333333,2,1,4
149,"Middle Age",40,"vln",3.83333333333333,3,2,3.83333333333333,6,4,3.16666666666667,3,4,6,4,3.16666666666667,3,4,5
150,"Younger",38,"arsl",5.66666666666667,5.33333333333333,2,3.66666666666667,4,4.16666666666667,3.83333333333333,4,3.33333333333333,4,4.5,4.66666666666667,4,4,4
150,"Younger",38,"vln",1.5,6.33333333333333,2,2,4,2.5,5,2,2.5,5,2,5.66666666666667,3,2.5,4
151,"Middle Age",57,"arsl",3.33333333333333,4.33333333333333,4,3,5,3.83333333333333,4.5,4,3.83333333333333,5,3.33333333333333,4.33333333333333,4,3,5
151,"Middle Age",57,"vln",3.16666666666667,5.16666666666667,4,3,5,4,4.66666666666667,4,3.83333333333333,5,3.16666666666667,4.83333333333333,4,3.5,5
152,"Younger",25,"arsl",7,6.66666666666667,7,6.66666666666667,7,6.66666666666667,6.66666666666667,6,6.66666666666667,7,6.83333333333333,6.66666666666667,6,6.16666666666667,6
152,"Younger",25,"vln",6.33333333333333,6.33333333333333,6,6.66666666666667,6,6,6.66666666666667,7,6.83333333333333,7,6.5,6.33333333333333,7,6.33333333333333,7
153,"Younger",20,"arsl",3.66666666666667,4,3,3.5,2,3.16666666666667,4,2,3.16666666666667,4,2,4.5,3,2.83333333333333,5
153,"Younger",20,"vln",2.16666666666667,4.66666666666667,3,1.83333333333333,5,2.5,4.83333333333333,2,2.66666666666667,5,2.16666666666667,5.16666666666667,3,2.16666666666667,5
154,"Middle Age",58,"arsl",5.33333333333333,6.33333333333333,7,4.83333333333333,7,5.83333333333333,5,4,4.66666666666667,6,5.33333333333333,5.83333333333333,5,4.5,7
154,"Middle Age",58,"vln",2,6.5,1,1.83333333333333,7,2.5,5.16666666666667,2,3.16666666666667,6,2,6,2,2.16666666666667,6
155,"Middle Age",50,"arsl",1,6,1,1.5,7,1.66666666666667,4.83333333333333,1,2.16666666666667,6,1.16666666666667,5.16666666666667,1,1.16666666666667,5
155,"Middle Age",50,"vln",1.33333333333333,6.5,1,3.33333333333333,7,2.83333333333333,5.66666666666667,1,3.5,6,2.16666666666667,5.83333333333333,1,3,5
156,"Younger",23,"arsl",1,1,1,1,1,1,1,1,1,1,1,1,1,1,1
156,"Younger",23,"vln",4,4,4,4,4,4,4,4,4,4,4,4,4,4,4
157,"Younger",27,"arsl",1.66666666666667,2,1,1.33333333333333,5,1.16666666666667,1.16666666666667,4,1.16666666666667,5,1.66666666666667,1.66666666666667,3,2.33333333333333,4
157,"Younger",27,"vln",1.33333333333333,5.5,1,2.33333333333333,7,1.83333333333333,4.66666666666667,2,2,7,2.5,4.83333333333333,1,2.16666666666667,6
158,"Younger",30,"arsl",2,6.5,7,1.33333333333333,7,2.66666666666667,4.66666666666667,5,1.83333333333333,1,2.5,7,7,1.66666666666667,7
158,"Younger",30,"vln",2,6.5,7,1.33333333333333,7,2.66666666666667,4.66666666666667,5,1.83333333333333,1,2.5,7,7,1.66666666666667,7
159,"Younger",38,"arsl",1,7,2,1.16666666666667,7,1.5,6.33333333333333,2,2,6,1.16666666666667,7,2,2,7
159,"Younger",38,"vln",1,7,2,1.33333333333333,7,1.5,6.5,2,1.83333333333333,7,1.16666666666667,7,2,1.83333333333333,7
160,"Middle Age",45,"arsl",5.83333333333333,6.5,7,5.5,6,3.83333333333333,5.66666666666667,5,3.66666666666667,5,5.16666666666667,5.5,5,4.5,6
160,"Middle Age",45,"vln",2.66666666666667,6.33333333333333,1,2.16666666666667,6,3.66666666666667,5.5,3,3.33333333333333,6,3,5.66666666666667,3,3,6
161,"Middle Age",48,"arsl",1,5.83333333333333,1,1.33333333333333,7,1.5,4.83333333333333,1,1.5,7,1.16666666666667,4.33333333333333,4,1.16666666666667,7
161,"Middle Age",48,"vln",1,6.33333333333333,1,1.33333333333333,7,2,5.33333333333333,4,2,7,1.5,5.16666666666667,4,1.5,7
162,"Middle Age",45,"arsl",4,6.66666666666667,6,3.5,5,4.66666666666667,6.33333333333333,2,4.5,5,3.66666666666667,6.66666666666667,3,3.83333333333333,6
162,"Middle Age",45,"vln",1.83333333333333,6,2,2.33333333333333,6,2.16666666666667,6.5,1,3.5,5,3.16666666666667,6.83333333333333,3,2.33333333333333,6
163,"Middle Age",47,"arsl",3.33333333333333,7,7,4.66666666666667,7,3.66666666666667,5.16666666666667,5,4.16666666666667,7,4.66666666666667,6.16666666666667,6,2.83333333333333,7
163,"Middle Age",47,"vln",2.33333333333333,7,1,3.16666666666667,7,3.66666666666667,5,1,3.33333333333333,7,2.33333333333333,6.33333333333333,1,2.66666666666667,7
164,"Middle Age",50,"arsl",1,3,1,1,1,1,2.83333333333333,1,1,1,1,2.5,1,1,4
164,"Middle Age",50,"vln",1.33333333333333,6,2,1.66666666666667,4,1.83333333333333,5.66666666666667,4,2.16666666666667,6,2,6.16666666666667,2,1.66666666666667,4
165,"Younger",30,"arsl",1,1,1,1,1,1,1,1,1,1,1,1,1,1,1
165,"Younger",30,"vln",3,6.33333333333333,3,2.66666666666667,5,3.33333333333333,5,3,3.16666666666667,4,3.5,5.5,3,2.83333333333333,6
166,"Younger",25,"arsl",1,6.33333333333333,7,1,7,1.83333333333333,5,1,1,7,1,6.83333333333333,1,1,7
166,"Younger",25,"vln",1,6.66666666666667,6,1,7,1.83333333333333,4.83333333333333,1,1,7,1,6.83333333333333,1,1,7
167,"Younger",34,"arsl",1,1.16666666666667,2,1,3,1,1,4,1,4,1,1.5,3,1,4
167,"Younger",34,"vln",1,4.83333333333333,6,1,6,2.5,3,1,1.83333333333333,7,1.33333333333333,4.66666666666667,6,1.66666666666667,5
168,"Middle Age",54,"arsl",2,2,2,2,3,2,2,2,1.83333333333333,2,1.83333333333333,2,2,2,2
168,"Middle Age",54,"vln",2.83333333333333,5.16666666666667,2,2.83333333333333,6,3.16666666666667,5,3,3.33333333333333,6,3.16666666666667,5.16666666666667,3,2.83333333333333,5
169,"Middle Age",47,"arsl",1,6.33333333333333,1,1,7,1,5.33333333333333,1,1,7,1,6.33333333333333,1,1,7
169,"Middle Age",47,"vln",1,6.33333333333333,1,1,7,1,5.66666666666667,1,1.5,7,1,6.33333333333333,1,1,7
170,"Younger",25,"arsl",2.66666666666667,2.83333333333333,2,2.33333333333333,5,3.16666666666667,4.83333333333333,3,2.5,7,2.33333333333333,3.66666666666667,3,3,2
170,"Younger",25,"vln",1.83333333333333,2.83333333333333,4,2.16666666666667,5,3,4.83333333333333,2,2.5,6,2.16666666666667,3.66666666666667,3,3.16666666666667,1
171,"Middle Age",58,"arsl",1.16666666666667,6.33333333333333,1,1.66666666666667,7,1.5,5.33333333333333,2,2.66666666666667,7,1.33333333333333,6,2,2.16666666666667,6
171,"Middle Age",58,"vln",1,6.83333333333333,1,1.5,7,1.33333333333333,5.16666666666667,3,2.83333333333333,7,1,6.5,1,2.33333333333333,6
172,"Middle Age",54,"arsl",4.33333333333333,3.66666666666667,4,4.33333333333333,4,3.16666666666667,3.83333333333333,5,4.33333333333333,4,4.16666666666667,4.5,1,4.16666666666667,3
172,"Middle Age",54,"vln",2.16666666666667,6,3,2,5,2.83333333333333,5.5,3,3.5,4,2,5.5,4,2.33333333333333,4
173,"Middle Age",43,"arsl",3.83333333333333,3.5,4,2.83333333333333,6,3.83333333333333,4.33333333333333,6,3.5,3,3,3.5,2,4,3
173,"Middle Age",43,"vln",6,6,5,6.16666666666667,6,6.16666666666667,6.16666666666667,6,6,5,6.33333333333333,5.33333333333333,7,6,7
174,"Middle Age",48,"arsl",5.33333333333333,6,5,4.33333333333333,6,3.83333333333333,4.16666666666667,4,3.16666666666667,4,5.5,4.66666666666667,5,3.66666666666667,4
174,"Middle Age",48,"vln",1.33333333333333,6.83333333333333,1,1.5,6,2.83333333333333,5.33333333333333,3,2.66666666666667,6,2,5.66666666666667,2,2.33333333333333,5
175,"Younger",25,"arsl",7,7,7,7,7,7,7,7,7,7,7,7,7,7,7
175,"Younger",25,"vln",7,6.83333333333333,7,7,7,7,7,7,6.83333333333333,7,7,7,6,7,7
176,"Middle Age",43,"arsl",5.83333333333333,6,5,6.16666666666667,5,5.5,5.16666666666667,4,5.33333333333333,5,5.66666666666667,5.66666666666667,5,5.83333333333333,5
176,"Middle Age",43,"vln",1.66666666666667,6.83333333333333,2,2,5,1.83333333333333,6,3,2,5,1.5,6.33333333333333,3,2.16666666666667,5
177,"Middle Age",42,"arsl",1,1,1,1,1,1,1,1,1,1,1,1,1,1,1
177,"Middle Age",42,"vln",4,6.5,4,3.5,7,4,6.5,4,3.5,7,3.5,7,1,4,7
178,"Younger",38,"arsl",1,7,4,1.66666666666667,4,2.33333333333333,5.5,4,3.16666666666667,4,2,6.16666666666667,5,2.66666666666667,5
178,"Younger",38,"vln",1.16666666666667,7,4,2,4,2.33333333333333,5.5,4,3.16666666666667,4,1.83333333333333,6.5,5,3,5
179,"Middle Age",43,"arsl",1,1,1,1,1,1,1.5,1,1,1,1,1,1,1,1
179,"Middle Age",43,"vln",4.16666666666667,4,4,4,4,4,4,4,4,4,4,3.83333333333333,4,4,4
180,"Younger",25,"arsl",4.5,4.83333333333333,5,3.83333333333333,5,3.16666666666667,3.33333333333333,2,4.16666666666667,4,3.5,4.33333333333333,4,2.66666666666667,3
180,"Younger",25,"vln",1.83333333333333,5.83333333333333,2,1.66666666666667,6,3.16666666666667,4.16666666666667,4,2.66666666666667,5,2.33333333333333,5.66666666666667,2,2.5,5
181,"Younger",25,"arsl",1.66666666666667,1.66666666666667,3,1.5,5,1.5,1.66666666666667,3,1.5,4,1.66666666666667,2,3,1.5,4
181,"Younger",25,"vln",2.33333333333333,4.16666666666667,2,2.83333333333333,6,2.5,4,2,2.83333333333333,5,2.33333333333333,4.16666666666667,3,2.5,5
182,"Younger",29,"arsl",3.66666666666667,4.83333333333333,5,4.16666666666667,6,3.66666666666667,4,5,4.16666666666667,6,4,4.5,5,3.5,7
182,"Younger",29,"vln",3,5.5,2,2.83333333333333,6,2.83333333333333,4.5,3,3.33333333333333,6,2.66666666666667,5.16666666666667,6,3.16666666666667,7
183,"Middle Age",55,"arsl",1.5,1.5,3,1.5,4,1.5,1.5,4,1.5,4,1.5,1.5,2,1.5,3
183,"Middle Age",55,"vln",1.66666666666667,1.66666666666667,2,1.66666666666667,4,1.66666666666667,1.66666666666667,2,1.66666666666667,2,1.66666666666667,1.66666666666667,2,1.66666666666667,2
184,"Middle Age",45,"arsl",2.33333333333333,4.83333333333333,2,2.66666666666667,7,3.16666666666667,3.83333333333333,2,2.5,6,1.83333333333333,4.5,1,1.83333333333333,7
184,"Middle Age",45,"vln",2.5,5.83333333333333,3,2.5,7,3.33333333333333,4.5,2,2.5,7,2.16666666666667,5.16666666666667,1,3,7
185,"Middle Age",47,"arsl",1.5,4.5,5,2.16666666666667,6,2,3.83333333333333,5,2.66666666666667,7,1.83333333333333,4.16666666666667,5,2.5,7
185,"Middle Age",47,"vln",2,5.16666666666667,1,2.83333333333333,7,3,4.66666666666667,1,3.66666666666667,7,2.66666666666667,5.16666666666667,1,3.33333333333333,7
186,"Middle Age",40,"arsl",3.5,3,2,3.66666666666667,3,4.16666666666667,4,4,3.33333333333333,3,3.5,3.66666666666667,3,3.33333333333333,4
186,"Middle Age",40,"vln",4.83333333333333,4.33333333333333,7,4.16666666666667,6,5.16666666666667,5.16666666666667,4,5.16666666666667,6,4,4.16666666666667,6,5.16666666666667,6
187,"Younger",20,"arsl",3.66666666666667,4.16666666666667,4,3.66666666666667,4,4,3.83333333333333,4,4,4,3.5,4,4,4,3
187,"Younger",20,"vln",2.66666666666667,4.83333333333333,3,3.16666666666667,4,3.5,4,4,3.66666666666667,5,3.5,4.83333333333333,4,3.33333333333333,4
188,"Younger",25,"arsl",4.33333333333333,3.83333333333333,3,4.33333333333333,4,4.33333333333333,4.16666666666667,4,4.33333333333333,4,4.16666666666667,3.83333333333333,4,4,4
188,"Younger",25,"vln",4.33333333333333,4.33333333333333,4,4.16666666666667,4,4.33333333333333,4.66666666666667,4,3.83333333333333,4,3.83333333333333,4,4,4,4
189,"Middle Age",46,"arsl",6.16666666666667,6.5,7,6,6,6,6.16666666666667,6,6,6,6,6.16666666666667,6,6,6
189,"Middle Age",46,"vln",1.5,6.33333333333333,7,2.5,6,2.5,6,3,2.66666666666667,6,2.33333333333333,6,2,2.5,6
190,"Younger",24,"arsl",5,5,4,5,4,5,5,4,5,4,5,5,4,5,4
190,"Younger",24,"vln",1.16666666666667,6.66666666666667,4,1.66666666666667,4,2.66666666666667,5,4,2.5,4,1.66666666666667,5.83333333333333,4,1.83333333333333,4
191,"Middle Age",45,"arsl",3,3.66666666666667,5,3.16666666666667,5,3.33333333333333,3.83333333333333,6,3.66666666666667,3,3.16666666666667,3.5,4,3.33333333333333,3
191,"Middle Age",45,"vln",3.66666666666667,4.33333333333333,4,4,6,4.33333333333333,4.16666666666667,4,4,4,3.83333333333333,4,4,3.83333333333333,4
192,"Younger",28,"arsl",4.5,4.33333333333333,4,5,6,4.83333333333333,4.33333333333333,2,4.83333333333333,6,4.5,5.16666666666667,6,4.16666666666667,3
192,"Younger",28,"vln",5,4.33333333333333,4,5.66666666666667,4,5.66666666666667,5.33333333333333,4,5.33333333333333,6,5.5,5.66666666666667,6,5,4
193,"Younger",25,"arsl",2.33333333333333,5.33333333333333,1,2,6,2.83333333333333,4.16666666666667,4,1.66666666666667,7,1.83333333333333,3.5,3,2,5
193,"Younger",25,"vln",1.5,7,4,1.83333333333333,7,2.5,5.33333333333333,1,2.83333333333333,7,2.5,6.33333333333333,2,2.33333333333333,6
194,"Middle Age",48,"arsl",1.5,6.5,2,1.66666666666667,5,2.83333333333333,6.16666666666667,3,2.83333333333333,3,2.33333333333333,6.5,3,2.5,6
194,"Middle Age",48,"vln",1.16666666666667,6.83333333333333,2,1.5,5,2.16666666666667,6.66666666666667,3,2.66666666666667,2,2.16666666666667,6.5,3,2.16666666666667,5
195,"Older",78,"arsl",4,4.66666666666667,5,4,5,4,4.33333333333333,3,4.16666666666667,5,4,4.33333333333333,4,4.16666666666667,4
195,"Older",78,"vln",4,4.66666666666667,3,4,5,4,4.5,3,3.83333333333333,5,4,4.5,4,3.83333333333333,5
196,"Older",70,"arsl",5.83333333333333,5.33333333333333,7,6.33333333333333,1,3.5,4.33333333333333,1,3,1,4.5,5.5,7,3.33333333333333,7
196,"Older",70,"vln",1.5,5.5,2,1.33333333333333,7,2.5,4.66666666666667,1,2.33333333333333,7,1.66666666666667,5.66666666666667,1,1.5,7
197,"Younger",22,"arsl",4.33333333333333,5.66666666666667,6,4,5,3.83333333333333,5.16666666666667,3,3,4,5.33333333333333,5.33333333333333,2,2.66666666666667,4
197,"Younger",22,"vln",1.5,6.83333333333333,1,1.5,7,2.5,6.16666666666667,1,2.83333333333333,7,1.83333333333333,6.66666666666667,2,2.66666666666667,7
198,"Younger",28,"arsl",2.5,2.5,4,2,5,2,3.5,2,2.33333333333333,5,2.5,3.83333333333333,4,2.83333333333333,2
198,"Younger",28,"vln",2.5,6.83333333333333,4,2.16666666666667,7,2.83333333333333,5.83333333333333,2,3.16666666666667,6,2.5,6.33333333333333,4,2.66666666666667,7
199,"Younger",29,"arsl",5.16666666666667,7,5,4.16666666666667,5,4,5.16666666666667,1,4,5,4.33333333333333,6.16666666666667,6,3.66666666666667,5
199,"Younger",29,"vln",1.83333333333333,7,5,1.5,5,2.33333333333333,5.66666666666667,4,2.5,5,1.66666666666667,6.66666666666667,2,2.33333333333333,5
200,"Younger",25,"arsl",1.16666666666667,6.5,1,2,7,2.66666666666667,4.83333333333333,2,3,7,1.83333333333333,5.33333333333333,2,2.83333333333333,7
200,"Younger",25,"vln",1.33333333333333,6.5,2,2.5,7,2.83333333333333,4.83333333333333,3,2.83333333333333,7,2,5.5,3,2.66666666666667,7
201,"Younger",21,"arsl",7,7,7,7,7,7,7,7,7,7,7,7,7,7,7
201,"Younger",21,"vln",7,7,7,7,7,7,7,7,7,7,7,7,7,7,7
202,"Younger",21,"arsl",5,4.83333333333333,6,4.33333333333333,7,3.83333333333333,3.66666666666667,3,3.66666666666667,5,4.16666666666667,3.5,7,5,7
202,"Younger",21,"vln",2.5,4.33333333333333,1,2.66666666666667,7,3.66666666666667,3,1,3.16666666666667,7,2.5,3.33333333333333,2,3.5,7
203,"Younger",20,"arsl",4.66666666666667,5.5,6,5.66666666666667,7,4.33333333333333,4.66666666666667,5,3.83333333333333,6,5.5,4.66666666666667,6,4,6
203,"Younger",20,"vln",1.83333333333333,6.66666666666667,1,2.16666666666667,7,2.66666666666667,5.66666666666667,2,2.83333333333333,7,2,5.83333333333333,1,2.83333333333333,7
204,"Younger",28,"arsl",2.66666666666667,3.33333333333333,4,2.5,4,2.33333333333333,3.16666666666667,4,2.33333333333333,2,2.83333333333333,3.33333333333333,4,2.33333333333333,4
204,"Younger",28,"vln",1,5.83333333333333,3,1.5,5,2,4.5,3,2.33333333333333,4,1.66666666666667,5.33333333333333,3,1.5,5
